Workbook

Sheet V25
A1: RANKING-APP
C3: vecka 25
C4: Vecka 25 | I4: 25 | J4: mot historik
A5: 1 | C5: Gavel 1 | D5: Vara | E5: Ant | F5: Förs | G5: BV | H5: B% | I5: idx antal | J5: idx förs | K5: idx BV
B6: 101625435 | C6: g11 | D6: A+ TVÄTTMEDELCHERRYBLOSSO | E6: 170 | F6: 12229.6 | G6: 3049.6 | H6: =IFERROR(G6/F6,"") -> 0.2493622
C7: g12
C8: g13
C9: g14
C10: total | E10: =SUM(E6:E9) -> 170 | F10: =SUM(F6:F9) -> 12229.6 | G10: =SUM(G6:G9) -> 3049.6 | H10: =IFERROR(G10/F10,"") -> 0.2493622
B11: diff föreg V
B12: index | E12: =E10/$B$112 -> 0.0092230903 | F12: =F10/$B$112 -> 0.66349826 | G12: =G10/$B$112 -> 0.16545139
B13: index diff %
B14: Prestations Index | H14: =IFERROR((G14*0.6)+(F14*0.4),"") -> 0
A15: 2 | C15: Gavel 2 | D15: Vara | E15: Ant | F15: Förs | G15: BV | H15: B% | I15: idx antal | J15: idx förs | K15: idx BV
B16: KOMBI: 101595376 101595377 101595375 101547828 | C16: g21 | D16: CIF spray 750ml | E16: 149 | F16: 3131.22 | G16: 716.76 | H16: =IFERROR(G16/F16,"") -> 0.22890758
C17: g22
C18: g23
C19: g24
C20: total | E20: =SUM(E16:E19) -> 149 | F20: =SUM(F16:F19) -> 3131.22 | G20: =SUM(G16:G19) -> 716.76 | H20: =IFERROR(G20/F20,"") -> 0.22890758
B21: diff föreg V
B22: index | E22: =E20/$B$112 -> 0.0080837674 | F22: =F20/$B$112 -> 0.16987956 | G22: =G20/$B$112 -> 0.038886719
B23: index diff %
B24: Prestations Index | H24: =IFERROR((G24*0.6)+(F24*0.4),"") -> 0
A25: 3 | C25: Gavel 3 | D25: Vara | E25: Ant | F25: Förs | G25: BV | H25: B% | I25: idx antal | J25: idx förs | K25: idx BV
B26: 101648059 | C26: g31 | D26: PK SOF SKÖLJ OUTDFR1300ML | E26: 689 | F26: 16279.16 | G26: 3572.24 | H26: =IFERROR(G26/F26,"") -> 0.21943638
C27: g32
C28: g33
C29: g34
C30: total | E30: =SUM(E26:E29) -> 689 | F30: =SUM(F26:F29) -> 16279.16 | G30: =SUM(G26:G29) -> 3572.24 | H30: =IFERROR(G30/F30,"") -> 0.21943638
B31: diff föreg V
B32: index | E32: =E30/$B$112 -> 0.037380642 | F32: =F30/$B$112 -> 0.88320095 | G32: =G30/$B$112 -> 0.19380642
B33: index diff %
B34: Prestations Index | H34: =IFERROR((G34*0.6)+(F34*0.4),"") -> 0
A35: 4 | C35: Gavel 4 | D35: Vara | E35: Ant | F35: Förs | G35: BV | H35: B% | I35: idx antal | J35: idx förs | K35: idx BV
B36: KOMBI: 101648050 101625436 | C36: g41 | D36: Softlan Appear & Van | E36: 544 | F36: 12850.56 | G36: 2883 | H36: =IFERROR(G36/F36,"") -> 0.2243482
C37: g42
C38: g43
C39: g44
C40: total | E40: =SUM(E36:E39) -> 544 | F40: =SUM(F36:F39) -> 12850.56 | G40: =SUM(G36:G39) -> 2883 | H40: =IFERROR(G40/F40,"") -> 0.2243482
B41: diff föreg V
B42: index | E42: =E40/$B$112 -> 0.029513889 | F42: =F40/$B$112 -> 0.6971875 | G42: =G40/$B$112 -> 0.15641276
B43: index diff %
B44: Prestations Index | H44: =IFERROR((G44*0.6)+(F44*0.4),"") -> 0
A45: 5 | C45: Gavel 5 | D45: Vara | E45: Ant | F45: Förs | G45: BV | H45: B% | I45: idx antal | J45: idx förs | K45: idx BV
B46: 101440122 | C46: g51 | D46: OMO OMO 2,6 LITER FLYTANDE TVÄTT 2,6 | E46: 205 | F46: 14748.2 | G46: -441.8 | H46: =IFERROR(G46/F46,"") -> -0.029956198
C47: g52
C48: g53
C49: g54
C50: total | E50: =SUM(E46:E49) -> 205 | F50: =SUM(F46:F49) -> 14748.2 | G50: =SUM(G46:G49) -> -441.8 | H50: =IFERROR(G50/F50,"") -> -0.029956198
B51: diff föreg V
B52: index | E52: =E50/$B$112 -> 0.011121962 | F52: =F50/$B$112 -> 0.80014106 | G52: =G50/$B$112 -> -0.023969184
B53: index diff %
B54: Prestations Index | H54: =IFERROR((G54*0.6)+(F54*0.4),"") -> 0
A55: 6 | C55: Gavel 6 | D55: Vara | E55: Ant | F55: Förs | G55: BV | H55: B% | I55: idx antal | J55: idx förs | K55: idx BV
B56: KOMBI: 101692806 101692807 | C56: g61 | D56: Comfort 1,56L | E56: 196 | F56: 7988.96 | G56: 1716.96 | H56: =IFERROR(G56/F56,"") -> 0.21491658
C57: g62
C58: g63
C59: g64
C60: total | E60: =SUM(E56:E59) -> 196 | F60: =SUM(F56:F59) -> 7988.96 | G60: =SUM(G56:G59) -> 1716.96 | H60: =IFERROR(G60/F60,"") -> 0.21491658
B61: diff föreg V
B62: index | E62: =E60/$B$112 -> 0.010633681 | F62: =F60/$B$112 -> 0.43342882 | G62: =G60/$B$112 -> 0.093151042
B63: index diff %
B64: Prestations Index | H64: =IFERROR((G64*0.6)+(F64*0.4),"") -> 0
A65: 7 | C65: Gavel 7 | D65: Vara | E65: Ant | F65: Förs | G65: BV | H65: B% | I65: idx antal | J65: idx förs | K65: idx BV
B66: KOMBI: 101648242 101648245 | C66: g71 | D66: CIF Cream 750ML | E66: 23 | F66: 477.48 | G66: 110.63 | H66: =IFERROR(G66/F66,"") -> 0.23169557
C67: g72
C68: g73
C69: g74
C70: total | E70: =SUM(E66:E69) -> 23 | F70: =SUM(F66:F69) -> 477.48 | G70: =SUM(G66:G69) -> 110.63 | H70: =IFERROR(G70/F70,"") -> 0.23169557
B71: diff föreg V
B72: index | E72: =E70/$B$112 -> 0.0012478299 | F72: =F70/$B$112 -> 0.025904948 | G72: =G70/$B$112 -> 0.0060020616
B73: index diff %
B74: Prestations Index | H74: =IFERROR((G74*0.6)+(F74*0.4),"") -> 0
A75: 8 | C75: Gavel 8 | D75: Vara | E75: Ant | F75: Förs | G75: BV | H75: B% | I75: idx antal | J75: idx förs | K75: idx BV
B76: 101737137 | C76: g81 | D76: CIF DISKMEDEL | E76: 56 | F76: 1784.96 | G76: 384.96 | H76: =IFERROR(G76/F76,"") -> 0.2156687
C77: g82
C78: g83
C79: g84
C80: total | E80: =SUM(E76:E79) -> 56 | F80: =SUM(F76:F79) -> 1784.96 | G80: =SUM(G76:G79) -> 384.96 | H80: =IFERROR(G80/F80,"") -> 0.2156687
B81: diff föreg V
B82: index | E82: =E80/$B$112 -> 0.0030381944 | F82: =F80/$B$112 -> 0.096840278 | G82: =G80/$B$112 -> 0.020885417
B83: index diff %
B84: Prestations Index | H84: =IFERROR((G84*0.6)+(F84*0.4),"") -> 0
A85: 9 | C85: Gavel 9 | D85: Vara | E85: Ant | F85: Förs | G85: BV | H85: B% | I85: idx antal | J85: idx förs | K85: idx BV
B86: 101768879 | C86: g91 | D86: HANDDISKMEDEL | E86: 217 | F86: 7812 | G86: 1409.84 | H86: =IFERROR(G86/F86,"") -> 0.18047107
C87: g92
C88: g93
C89: g94
C90: total | E90: =SUM(E86:E89) -> 217 | F90: =SUM(F86:F89) -> 7812 | G90: =SUM(G86:G89) -> 1409.84 | H90: =IFERROR(G90/F90,"") -> 0.18047107
B91: diff föreg V
B92: index | E92: =E90/$B$112 -> 0.011773003 | F92: =F90/$B$112 -> 0.42382812 | G92: =G90/$B$112 -> 0.076488715
B93: index diff %
B94: Prestations Index | H94: =IFERROR((G94*0.6)+(F94*0.4),"") -> 0
A95: 10 | C95: Gavel 10 | D95: Vara | E95: Ant | F95: Förs | G95: BV | H95: B% | I95: idx antal | J95: idx förs | K95: idx BV
B96: KOMBI: 101767745 101887812 101765859 | C96: g101 | D96: Zalo Lav & Cherry | E96: 326 | F96: 11732.4 | G96: 2107.42 | H96: =IFERROR(G96/F96,"") -> 0.17962395
C97: g102
C98: g103
C99: g104
C100: total | E100: =SUM(E96:E99) -> 326 | F100: =SUM(F96:F99) -> 11732.4 | G100: =SUM(G96:G99) -> 2107.42 | H100: =IFERROR(G100/F100,"") -> 0.17962395
B101: diff föreg V
...

Sheet V26
A1: RANKING-APP
C3: vecka 26
C4: Vecka 26 | I4: 26 | J4: mot historik
A5: 1 | C5: Gavel 1 | D5: Vara | E5: Ant | F5: Förs | G5: BV | H5: B% | I5: idx antal | J5: idx förs | K5: idx BV
B6: 101625435 | C6: g11 | D6: A+ TVÄTTMEDELCHERRYBLOSSO | E6: 172 | F6: 12373.52 | G6: 3085.52 | H6: =IFERROR(G6/F6,"") -> 0.24936477 | I6: =IFERROR(((E6/$B$112) / AVERAGE('V25'!E6/'V25'!$B$112)) * 100,"") -> 103.33489 | J6: =IFERROR(((F6/$B$112) / AVERAGE('V25'!F6/'V25'!$B$112)) * 100,"") -> 103.33524 | K6: =IFERROR(((G6/$B$112) / AVERAGE('V25'!G6/'V25'!$B$112)) * 100,"") -> 103.33631
C7: g12
C8: g13
C9: g14
C10: total | E10: =SUM(E6:E9) -> 172 | F10: =SUM(F6:F9) -> 12373.52 | G10: =SUM(G6:G9) -> 3085.52 | H10: =IFERROR(G10/F10,"") -> 0.24936477
B11: diff föreg V | E11: =IFERROR((E10-('V25'!E10))/('V25'!E10),"") -> 0.011764706 | F11: =IFERROR((F10-('V25'!F10))/('V25'!F10),"") -> 0.011768169 | G11: =IFERROR((G10-('V25'!G10))/('V25'!G10),"") -> 0.011778594 | H11: =IFERROR(H10-('V25'!H10),"") -> 2.569335e-06
B12: index | E12: =E10/$B$112 -> 0.0095306699 | F12: =F10/$B$112 -> 0.68562753 | G12: =G10/$B$112 -> 0.17097135
B13: index diff % | E13: =IFERROR((E12-'V25'!E12)/'V25'!E12,"") -> 0.03334887 | F13: =IFERROR((F12-'V25'!F12)/'V25'!F12,"") -> 0.033352407 | G13: =IFERROR((G12-'V25'!G12)/'V25'!G12,"") -> 0.033363054
B14: Prestations Index | E14: =(E12 / AVERAGE('V25'!E12)) * 100 -> 103.33489 | F14: =(F12 / AVERAGE('V25'!F12)) * 100 -> 103.33524 | G14: =(G12 / AVERAGE('V25'!G12)) * 100 -> 103.33631 | H14: =IFERROR((G14*0.6)+(F14*0.4),"") -> 103.33588
A15: 2 | C15: Gavel 2 | D15: Vara | E15: Ant | F15: Förs | G15: BV | H15: B% | I15: idx antal | J15: idx förs | K15: idx BV
B16: KOMBI: 101595376 101595377 101595375 101547828 | C16: g21 | D16: CIF spray 750ml | E16: 157 | F16: 3133.72 | G16: 629.57 | H16: =IFERROR(G16/F16,"") -> 0.2009018 | I16: =IFERROR(((E16/$B$112) / AVERAGE('V25'!E16/'V25'!$B$112)) * 100,"") -> 107.61699 | J16: =IFERROR(((F16/$B$112) / AVERAGE('V25'!F16/'V25'!$B$112)) * 100,"") -> 102.21486 | K16: =IFERROR(((G16/$B$112) / AVERAGE('V25'!G16/'V25'!$B$112)) * 100,"") -> 89.70935
C17: g22
C18: g23
C19: g24
C20: total | E20: =SUM(E16:E19) -> 157 | F20: =SUM(F16:F19) -> 3133.72 | G20: =SUM(G16:G19) -> 629.57 | H20: =IFERROR(G20/F20,"") -> 0.2009018
B21: diff föreg V | E21: =IFERROR((E20-('V25'!E20))/('V25'!E20),"") -> 0.053691275 | F21: =IFERROR((F20-('V25'!F20))/('V25'!F20),"") -> 0.00079841084 | G21: =IFERROR((G20-('V25'!G20))/('V25'!G20),"") -> -0.12164462 | H21: =IFERROR(H20-('V25'!H20),"") -> -0.028005779
B22: index | E22: =E20/$B$112 -> 0.0086995068 | F22: =F20/$B$112 -> 0.17364216 | G22: =G20/$B$112 -> 0.034885022
B23: index diff % | E23: =IFERROR((E22-'V25'!E22)/'V25'!E22,"") -> 0.076169867 | F23: =IFERROR((F22-'V25'!F22)/'V25'!F22,"") -> 0.022148629 | G23: =IFERROR((G22-'V25'!G22)/'V25'!G22,"") -> -0.1029065
B24: Prestations Index | E24: =(E22 / AVERAGE('V25'!E22)) * 100 -> 107.61699 | F24: =(F22 / AVERAGE('V25'!F22)) * 100 -> 102.21486 | G24: =(G22 / AVERAGE('V25'!G22)) * 100 -> 89.70935 | H24: =IFERROR((G24*0.6)+(F24*0.4),"") -> 94.711555
A25: 3 | C25: Gavel 3 | D25: Vara | E25: Ant | F25: Förs | G25: BV | H25: B% | I25: idx antal | J25: idx förs | K25: idx BV
B26: 101648059 | C26: g31 | D26: PK SOF SKÖLJ OUTDFR1300ML | E26: 351 | F26: 8291.38 | G26: 1844.02 | H26: =IFERROR(G26/F26,"") -> 0.22240206 | I26: =IFERROR(((E26/$B$112) / AVERAGE('V25'!E26/'V25'!$B$112)) * 100,"") -> 52.030181 | J26: =IFERROR(((F26/$B$112) / AVERAGE('V25'!F26/'V25'!$B$112)) * 100,"") -> 52.019033 | K26: =IFERROR(((G26/$B$112) / AVERAGE('V25'!G26/'V25'!$B$112)) * 100,"") -> 52.722069
C27: g32
C28: g33
C29: g34
C30: total | E30: =SUM(E26:E29) -> 351 | F30: =SUM(F26:F29) -> 8291.38 | G30: =SUM(G26:G29) -> 1844.02 | H30: =IFERROR(G30/F30,"") -> 0.22240206
B31: diff föreg V | E31: =IFERROR((E30-('V25'!E30))/('V25'!E30),"") -> -0.49056604 | F31: =IFERROR((F30-('V25'!F30))/('V25'!F30),"") -> -0.49067519 | G31: =IFERROR((G30-('V25'!G30))/('V25'!G30),"") -> -0.48379168 | H31: =IFERROR(H30-('V25'!H30),"") -> 0.0029656772
B32: index | E32: =E30/$B$112 -> 0.019449216 | F32: =F30/$B$112 -> 0.45943259 | G32: =G30/$B$112 -> 0.10217876
B33: index diff % | E33: =IFERROR((E32-'V25'!E32)/'V25'!E32,"") -> -0.47969819 | F33: =IFERROR((F32-'V25'!F32)/'V25'!F32,"") -> -0.47980967 | G33: =IFERROR((G32-'V25'!G32)/'V25'!G32,"") -> -0.47277931
B34: Prestations Index | E34: =(E32 / AVERAGE('V25'!E32)) * 100 -> 52.030181 | F34: =(F32 / AVERAGE('V25'!F32)) * 100 -> 52.019033 | G34: =(G32 / AVERAGE('V25'!G32)) * 100 -> 52.722069 | H34: =IFERROR((G34*0.6)+(F34*0.4),"") -> 52.440854
A35: 4 | C35: Gavel 4 | D35: Vara | E35: Ant | F35: Förs | G35: BV | H35: B% | I35: idx antal | J35: idx förs | K35: idx BV
B36: KOMBI: 101648050 101625436 | C36: g41 | D36: Softlan Appear & Van | E36: 481 | F36: 11364.18 | G36: 2507.52 | H36: =IFERROR(G36/F36,"") -> 0.2206512 | I36: =IFERROR(((E36/$B$112) / AVERAGE('V25'!E36/'V25'!$B$112)) * 100,"") -> 90.305379 | J36: =IFERROR(((F36/$B$112) / AVERAGE('V25'!F36/'V25'!$B$112)) * 100,"") -> 90.319909 | K36: =IFERROR(((G36/$B$112) / AVERAGE('V25'!G36/'V25'!$B$112)) * 100,"") -> 88.831543
C37: g42
C38: g43
C39: g44
C40: total | E40: =SUM(E36:E39) -> 481 | F40: =SUM(F36:F39) -> 11364.18 | G40: =SUM(G36:G39) -> 2507.52 | H40: =IFERROR(G40/F40,"") -> 0.2206512
B41: diff föreg V | E41: =IFERROR((E40-('V25'!E40))/('V25'!E40),"") -> -0.11580882 | F41: =IFERROR((F40-('V25'!F40))/('V25'!F40),"") -> -0.11566655 | G41: =IFERROR((G40-('V25'!G40))/('V25'!G40),"") -> -0.13023933 | H41: =IFERROR(H40-('V25'!H40),"") -> -0.0036969956
B42: index | E42: =E40/$B$112 -> 0.026652629 | F42: =F40/$B$112 -> 0.62969912 | G42: =G40/$B$112 -> 0.13894387
B43: index diff % | E43: =IFERROR((E42-'V25'!E42)/'V25'!E42,"") -> -0.096946209 | F43: =IFERROR((F42-'V25'!F42)/'V25'!F42,"") -> -0.096800905 | G43: =IFERROR((G42-'V25'!G42)/'V25'!G42,"") -> -0.11168457
B44: Prestations Index | E44: =(E42 / AVERAGE('V25'!E42)) * 100 -> 90.305379 | F44: =(F42 / AVERAGE('V25'!F42)) * 100 -> 90.319909 | G44: =(G42 / AVERAGE('V25'!G42)) * 100 -> 88.831543 | H44: =IFERROR((G44*0.6)+(F44*0.4),"") -> 89.42689
A45: 5 | C45: Gavel 5 | D45: Vara | E45: Ant | F45: Förs | G45: BV | H45: B% | I45: idx antal | J45: idx förs | K45: idx BV
B46: 101440122 | C46: g51 | D46: OMO OMO 2,6 LITER FLYTANDE TVÄTT 2,6 | E46: 233 | F46: 16766.68 | G46: -33.32 | H46: =IFERROR(G46/F46,"") -> -0.0019872748 | I46: =IFERROR(((E46/$B$112) / AVERAGE('V25'!E46/'V25'!$B$112)) * 100,"") -> 116.08324 | J46: =IFERROR(((F46/$B$112) / AVERAGE('V25'!F46/'V25'!$B$112)) * 100,"") -> 116.11157 | K46: =IFERROR(((G46/$B$112) / AVERAGE('V25'!G46/'V25'!$B$112)) * 100,"") -> 7.7027664
C47: g52
C48: g53
C49: g54
C50: total | E50: =SUM(E46:E49) -> 233 | F50: =SUM(F46:F49) -> 16766.68 | G50: =SUM(G46:G49) -> -33.32 | H50: =IFERROR(G50/F50,"") -> -0.0019872748
B51: diff föreg V | E51: =IFERROR((E50-('V25'!E50))/('V25'!E50),"") -> 0.13658537 | F51: =IFERROR((F50-('V25'!F50))/('V25'!F50),"") -> 0.1368628 | G51: =IFERROR((G50-('V25'!G50))/('V25'!G50),"") -> -0.92458126 | H51: =IFERROR(H50-('V25'!H50),"") -> 0.027968923
B52: index | E52: =E50/$B$112 -> 0.012910733 | F52: =F50/$B$112 -> 0.92905635 | G52: =G50/$B$112 -> -0.0018462902
B53: index diff % | E53: =IFERROR((E52-'V25'!E52)/'V25'!E52,"") -> 0.16083235 | F53: =IFERROR((F52-'V25'!F52)/'V25'!F52,"") -> 0.16111571 | G53: =IFERROR((G52-'V25'!G52)/'V25'!G52,"") -> -0.92297234
B54: Prestations Index | E54: =(E52 / AVERAGE('V25'!E52)) * 100 -> 116.08324 | F54: =(F52 / AVERAGE('V25'!F52)) * 100 -> 116.11157 | G54: =(G52 / AVERAGE('V25'!G52)) * 100 -> 7.7027664 | H54: =IFERROR((G54*0.6)+(F54*0.4),"") -> 51.066288
A55: 6 | C55: Gavel 6 | D55: Vara | E55: Ant | F55: Förs | G55: BV | H55: B% | I55: idx antal | J55: idx förs | K55: idx BV
B56: KOMBI: 101692806 101692807 | C56: g61 | D56: Comfort 1,56L | E56: 187 | F56: 7622.12 | G56: 1638.12 | H56: =IFERROR(G56/F56,"") -> 0.21491658 | I56: =IFERROR(((E56/$B$112) / AVERAGE('V25'!E56/'V25'!$B$112)) * 100,"") -> 97.443523 | J56: =IFERROR(((F56/$B$112) / AVERAGE('V25'!F56/'V25'!$B$112)) * 100,"") -> 97.443523 | K56: =IFERROR(((G56/$B$112) / AVERAGE('V25'!G56/'V25'!$B$112)) * 100,"") -> 97.443523
C57: g62
C58: g63
C59: g64
C60: total | E60: =SUM(E56:E59) -> 187 | F60: =SUM(F56:F59) -> 7622.12 | G60: =SUM(G56:G59) -> 1638.12 | H60: =IFERROR(G60/F60,"") -> 0.21491658
B61: diff föreg V | E61: =IFERROR((E60-('V25'!E60))/('V25'!E60),"") -> -0.045918367 | F61: =IFERROR((F60-('V25'!F60))/('V25'!F60),"") -> -0.045918367 | G61: =IFERROR((G60-('V25'!G60))/('V25'!G60),"") -> -0.045918367 | H61: =IFERROR(H60-('V25'!H60),"") -> -2.7755576e-17
B62: index | E62: =E60/$B$112 -> 0.010361833 | F62: =F60/$B$112 -> 0.42234831 | G62: =G60/$B$112 -> 0.090769657
B63: index diff % | E63: =IFERROR((E62-'V25'!E62)/'V25'!E62,"") -> -0.025564767 | F63: =IFERROR((F62-'V25'!F62)/'V25'!F62,"") -> -0.025564767 | G63: =IFERROR((G62-'V25'!G62)/'V25'!G62,"") -> -0.025564767
B64: Prestations Index | E64: =(E62 / AVERAGE('V25'!E62)) * 100 -> 97.443523 | F64: =(F62 / AVERAGE('V25'!F62)) * 100 -> 97.443523 | G64: =(G62 / AVERAGE('V25'!G62)) * 100 -> 97.443523 | H64: =IFERROR((G64*0.6)+(F64*0.4),"") -> 97.443523
A65: 7 | C65: Gavel 7 | D65: Vara | E65: Ant | F65: Förs | G65: BV | H65: B% | I65: idx antal | J65: idx förs | K65: idx BV
B66: KOMBI: 101648242 101648245 | C66: g71 | D66: CIF Cream 750ML | E66: 119 | F66: 2470.44 | G66: 572.39 | H66: =IFERROR(G66/F66,"") -> 0.23169557 | I66: =IFERROR(((E66/$B$112) / AVERAGE('V25'!E66/'V25'!$B$112)) * 100,"") -> 528.42891 | J66: =IFERROR(((F66/$B$112) / AVERAGE('V25'!F66/'V25'!$B$112)) * 100,"") -> 528.42891 | K66: =IFERROR(((G66/$B$112) / AVERAGE('V25'!G66/'V25'!$B$112)) * 100,"") -> 528.42891
C67: g72
C68: g73
C69: g74
C70: total | E70: =SUM(E66:E69) -> 119 | F70: =SUM(F66:F69) -> 2470.44 | G70: =SUM(G66:G69) -> 572.39 | H70: =IFERROR(G70/F70,"") -> 0.23169557
B71: diff föreg V | E71: =IFERROR((E70-('V25'!E70))/('V25'!E70),"") -> 4.173913 | F71: =IFERROR((F70-('V25'!F70))/('V25'!F70),"") -> 4.173913 | G71: =IFERROR((G70-('V25'!G70))/('V25'!G70),"") -> 4.173913 | H71: =IFERROR(H70-('V25'!H70),"") -> 2.7755576e-17
B72: index | E72: =E70/$B$112 -> 0.0065938937 | F72: =F70/$B$112 -> 0.13688923 | G72: =G70/$B$112 -> 0.031716629
B73: index diff % | E73: =IFERROR((E72-'V25'!E72)/'V25'!E72,"") -> 4.2842891 | F73: =IFERROR((F72-'V25'!F72)/'V25'!F72,"") -> 4.2842891 | G73: =IFERROR((G72-'V25'!G72)/'V25'!G72,"") -> 4.2842891
B74: Prestations Index | E74: =(E72 / AVERAGE('V25'!E72)) * 100 -> 528.42891 | F74: =(F72 / AVERAGE('V25'!F72)) * 100 -> 528.42891 | G74: =(G72 / AVERAGE('V25'!G72)) * 100 -> 528.42891 | H74: =IFERROR((G74*0.6)+(F74*0.4),"") -> 528.42891
A75: 8 | C75: Gavel 8 | D75: Vara | E75: Ant | F75: Förs | G75: BV | H75: B% | I75: idx antal | J75: idx förs | K75: idx BV
B76: 101737137 | C76: g81 | D76: CIF DISKMEDEL | E76: 49 | F76: 1562.84 | G76: 337.84 | H76: =IFERROR(G76/F76,"") -> 0.21617056 | I76: =IFERROR(((E76/$B$112) / AVERAGE('V25'!E76/'V25'!$B$112)) * 100,"") -> 89.366654 | J76: =IFERROR(((F76/$B$112) / AVERAGE('V25'!F76/'V25'!$B$112)) * 100,"") -> 89.423873 | K76: =IFERROR(((G76/$B$112) / AVERAGE('V25'!G76/'V25'!$B$112)) * 100,"") -> 89.631963
C77: g82
C78: g83
C79: g84
C80: total | E80: =SUM(E76:E79) -> 49 | F80: =SUM(F76:F79) -> 1562.84 | G80: =SUM(G76:G79) -> 337.84 | H80: =IFERROR(G80/F80,"") -> 0.21617056
B81: diff föreg V | E81: =IFERROR((E80-('V25'!E80))/('V25'!E80),"") -> -0.125 | F81: =IFERROR((F80-('V25'!F80))/('V25'!F80),"") -> -0.12443976 | G81: =IFERROR((G80-('V25'!G80))/('V25'!G80),"") -> -0.12240233 | H81: =IFERROR(H80-('V25'!H80),"") -> 0.00050186283
B82: index | E82: =E80/$B$112 -> 0.0027151327 | F82: =F80/$B$112 -> 0.086598327 | G82: =G80/$B$112 -> 0.018720009
B83: index diff % | E83: =IFERROR((E82-'V25'!E82)/'V25'!E82,"") -> -0.10633346 | F83: =IFERROR((F82-'V25'!F82)/'V25'!F82,"") -> -0.10576127 | G83: =IFERROR((G82-'V25'!G82)/'V25'!G82,"") -> -0.10368037
B84: Prestations Index | E84: =(E82 / AVERAGE('V25'!E82)) * 100 -> 89.366654 | F84: =(F82 / AVERAGE('V25'!F82)) * 100 -> 89.423873 | G84: =(G82 / AVERAGE('V25'!G82)) * 100 -> 89.631963 | H84: =IFERROR((G84*0.6)+(F84*0.4),"") -> 89.548727
A85: 9 | C85: Gavel 9 | D85: Vara | E85: Ant | F85: Förs | G85: BV | H85: B% | I85: idx antal | J85: idx förs | K85: idx BV
B86: 101768879 | C86: g91 | D86: HANDDISKMEDEL | E86: 200 | F86: 7200 | G86: 1204 | H86: =IFERROR(G86/F86,"") -> 0.16722222 | I86: =IFERROR(((E86/$B$112) / AVERAGE('V25'!E86/'V25'!$B$112)) * 100,"") -> 94.132091 | J86: =IFERROR(((F86/$B$112) / AVERAGE('V25'!F86/'V25'!$B$112)) * 100,"") -> 94.132091 | K86: =IFERROR(((G86/$B$112) / AVERAGE('V25'!G86/'V25'!$B$112)) * 100,"") -> 87.221611
C87: g92
C88: g93
C89: g94
C90: total | E90: =SUM(E86:E89) -> 200 | F90: =SUM(F86:F89) -> 7200 | G90: =SUM(G86:G89) -> 1204 | H90: =IFERROR(G90/F90,"") -> 0.16722222
B91: diff föreg V | E91: =IFERROR((E90-('V25'!E90))/('V25'!E90),"") -> -0.078341014 | F91: =IFERROR((F90-('V25'!F90))/('V25'!F90),"") -> -0.078341014 | G91: =IFERROR((G90-('V25'!G90))/('V25'!G90),"") -> -0.14600238 | H91: =IFERROR(H90-('V25'!H90),"") -> -0.013248848
B92: index | E92: =E90/$B$112 -> 0.011082174 | F92: =F90/$B$112 -> 0.39895828 | G92: =G90/$B$112 -> 0.066714689
B93: index diff % | E93: =IFERROR((E92-'V25'!E92)/'V25'!E92,"") -> -0.058679092 | F93: =IFERROR((F92-'V25'!F92)/'V25'!F92,"") -> -0.058679092 | G93: =IFERROR((G92-'V25'!G92)/'V25'!G92,"") -> -0.12778389
B94: Prestations Index | E94: =(E92 / AVERAGE('V25'!E92)) * 100 -> 94.132091 | F94: =(F92 / AVERAGE('V25'!F92)) * 100 -> 94.132091 | G94: =(G92 / AVERAGE('V25'!G92)) * 100 -> 87.221611 | H94: =IFERROR((G94*0.6)+(F94*0.4),"") -> 89.985803
A95: 10 | C95: Gavel 10 | D95: Vara | E95: Ant | F95: Förs | G95: BV | H95: B% | I95: idx antal | J95: idx förs | K95: idx BV
B96: KOMBI: 101767745 101887812 101765859 | C96: g101 | D96: Zalo Lav & Cherry | E96: 201 | F96: 7234.2 | G96: 1208.22 | H96: =IFERROR(G96/F96,"") -> 0.16701501 | I96: =IFERROR(((E96/$B$112) / AVERAGE('V25'!E96/'V25'!$B$112)) * 100,"") -> 62.97177 | J96: =IFERROR(((F96/$B$112) / AVERAGE('V25'!F96/'V25'!$B$112)) * 100,"") -> 62.975423 | K96: =IFERROR(((G96/$B$112) / AVERAGE('V25'!G96/'V25'!$B$112)) * 100,"") -> 58.554782
C97: g102
C98: g103
C99: g104
C100: total | E100: =SUM(E96:E99) -> 201 | F100: =SUM(F96:F99) -> 7234.2 | G100: =SUM(G96:G99) -> 1208.22 | H100: =IFERROR(G100/F100,"") -> 0.16701501
B101: diff föreg V | E101: =IFERROR((E100-('V25'!E100))/('V25'!E100),"") -> -0.38343558 | F101: =IFERROR((F100-('V25'!F100))/('V25'!F100),"") -> -0.38339982 | G101: =IFERROR((G100-('V25'!G100))/('V25'!G100),"") -> -0.42668286 | H101: =IFERROR(H100-('V25'!H100),"") -> -0.012608935
...

Sheet V27
A1: RANKING-APP
C3: vecka 27
C4: Vecka 27 | I4: 27 | J4: mot historik
A5: 1 | C5: Gavel 1 | D5: Vara | E5: Ant | F5: Förs | G5: BV | H5: B% | I5: idx antal | J5: idx förs | K5: idx BV
B6: KOMBI: 101896068 101896037 101625435 | C6: g11 | D6: A+ Cherry blossom & Viking vivid&sens 2700ml | E6: 80 | F6: 5670.4 | G6: 918.4 | H6: =IFERROR(G6/F6,"") -> 0.16196388 | I6: =IFERROR(((E6/$B$112) / AVERAGE('V25'!E6/'V25'!$B$112, 'V26'!E6/'V26'!$B$112)) * 100,"") -> 44.419339 | J6: =IFERROR(((F6/$B$112) / AVERAGE('V25'!F6/'V25'!$B$112, 'V26'!F6/'V26'!$B$112)) * 100,"") -> 43.765481 | K6: =IFERROR(((G6/$B$112) / AVERAGE('V25'!G6/'V25'!$B$112, 'V26'!G6/'V26'!$B$112)) * 100,"") -> 28.426081
C7: g12
C8: g13
C9: g14
C10: total | E10: =SUM(E6:E9) -> 80 | F10: =SUM(F6:F9) -> 5670.4 | G10: =SUM(G6:G9) -> 918.4 | H10: =IFERROR(G10/F10,"") -> 0.16196388
B11: diff föreg V | E11: =IFERROR((E10-('V26'!E10))/('V26'!E10),"") -> -0.53488372 | F11: =IFERROR((F10-('V26'!F10))/('V26'!F10),"") -> -0.54173105 | G11: =IFERROR((G10-('V26'!G10))/('V26'!G10),"") -> -0.70235163 | H11: =IFERROR(H10-('V26'!H10),"") -> -0.08740089
B12: index | E12: =E10/$B$112 -> 0.0041651481 | F12: =F10/$B$112 -> 0.2952257 | G12: =G10/$B$112 -> 0.0478159
B13: index diff % | E13: =IFERROR((E12-'V26'!E12)/'V26'!E12,"") -> -0.56297425 | F13: =IFERROR((F12-'V26'!F12)/'V26'!F12,"") -> -0.56940804 | G13: =IFERROR((G12-'V26'!G12)/'V26'!G12,"") -> -0.720328
B14: Prestations Index | E14: =(E12 / AVERAGE('V25'!E12,'V26'!E12)) * 100 -> 44.419339 | F14: =(F12 / AVERAGE('V25'!F12,'V26'!F12)) * 100 -> 43.765481 | G14: =(G12 / AVERAGE('V25'!G12,'V26'!G12)) * 100 -> 28.426081 | H14: =IFERROR((G14*0.6)+(F14*0.4),"") -> 34.561841
A15: 2 | C15: Gavel 2 | D15: Vara | E15: Ant | F15: Förs | G15: BV | H15: B% | I15: idx antal | J15: idx förs | K15: idx BV
B16: KOMBI: 101595376 101595377 101595375 101547828 | C16: g21 | D16: CIF spray 750ml | E16: 180 | F16: 3590.81 | G16: 719.81 | H16: =IFERROR(G16/F16,"") -> 0.20045895 | I16: =IFERROR(((E16/$B$112) / AVERAGE('V25'!E16/'V25'!$B$112, 'V26'!E16/'V26'!$B$112)) * 100,"") -> 111.67765 | J16: =IFERROR(((F16/$B$112) / AVERAGE('V25'!F16/'V25'!$B$112, 'V26'!F16/'V26'!$B$112)) * 100,"") -> 108.84505 | K16: =IFERROR(((G16/$B$112) / AVERAGE('V25'!G16/'V25'!$B$112, 'V26'!G16/'V26'!$B$112)) * 100,"") -> 101.60107
C17: g22
C18: g23
C19: g24
C20: total | E20: =SUM(E16:E19) -> 180 | F20: =SUM(F16:F19) -> 3590.81 | G20: =SUM(G16:G19) -> 719.81 | H20: =IFERROR(G20/F20,"") -> 0.20045895
B21: diff föreg V | E21: =IFERROR((E20-('V26'!E20))/('V26'!E20),"") -> 0.14649682 | F21: =IFERROR((F20-('V26'!F20))/('V26'!F20),"") -> 0.14586179 | G21: =IFERROR((G20-('V26'!G20))/('V26'!G20),"") -> 0.14333593 | H21: =IFERROR(H20-('V26'!H20),"") -> -0.00044285423
B22: index | E22: =E20/$B$112 -> 0.0093715833 | F22: =F20/$B$112 -> 0.18695319 | G22: =G20/$B$112 -> 0.037476441
B23: index diff % | E23: =IFERROR((E22-'V26'!E22)/'V26'!E22,"") -> 0.077254544 | F23: =IFERROR((F22-'V26'!F22)/'V26'!F22,"") -> 0.076657868 | G23: =IFERROR((G22-'V26'!G22)/'V26'!G22,"") -> 0.074284557
B24: Prestations Index | E24: =(E22 / AVERAGE('V25'!E22,'V26'!E22)) * 100 -> 111.67765 | F24: =(F22 / AVERAGE('V25'!F22,'V26'!F22)) * 100 -> 108.84505 | G24: =(G22 / AVERAGE('V25'!G22,'V26'!G22)) * 100 -> 101.60107 | H24: =IFERROR((G24*0.6)+(F24*0.4),"") -> 104.49867
A25: 3 | C25: Gavel 3 | D25: Vara | E25: Ant | F25: Förs | G25: BV | H25: B% | I25: idx antal | J25: idx förs | K25: idx BV
B26: 101648059 | C26: g31 | D26: PK SOF SKÖLJ OUTDFR1300ML | E26: 518 | F26: 12237.04 | G26: 2668.18 | H26: =IFERROR(G26/F26,"") -> 0.21804129 | I26: =IFERROR(((E26/$B$112) / AVERAGE('V25'!E26/'V25'!$B$112, 'V26'!E26/'V26'!$B$112)) * 100,"") -> 94.912551 | J26: =IFERROR(((F26/$B$112) / AVERAGE('V25'!F26/'V25'!$B$112, 'V26'!F26/'V26'!$B$112)) * 100,"") -> 94.905055 | K26: =IFERROR(((G26/$B$112) / AVERAGE('V25'!G26/'V25'!$B$112, 'V26'!G26/'V26'!$B$112)) * 100,"") -> 93.867579
C27: g32
C28: g33
C29: g34
C30: total | E30: =SUM(E26:E29) -> 518 | F30: =SUM(F26:F29) -> 12237.04 | G30: =SUM(G26:G29) -> 2668.18 | H30: =IFERROR(G30/F30,"") -> 0.21804129
B31: diff föreg V | E31: =IFERROR((E30-('V26'!E30))/('V26'!E30),"") -> 0.47578348 | F31: =IFERROR((F30-('V26'!F30))/('V26'!F30),"") -> 0.47587494 | G31: =IFERROR((G30-('V26'!G30))/('V26'!G30),"") -> 0.44693658 | H31: =IFERROR(H30-('V26'!H30),"") -> -0.0043607699
B32: index | E32: =E30/$B$112 -> 0.026969334 | F32: =F30/$B$112 -> 0.63711355 | G32: =G30/$B$112 -> 0.13891706
B33: index diff % | E33: =IFERROR((E32-'V26'!E32)/'V26'!E32,"") -> 0.38665405 | F33: =IFERROR((F32-'V26'!F32)/'V26'!F32,"") -> 0.38674 | G33: =IFERROR((G32-'V26'!G32)/'V26'!G32,"") -> 0.35954936
B34: Prestations Index | E34: =(E32 / AVERAGE('V25'!E32,'V26'!E32)) * 100 -> 94.912551 | F34: =(F32 / AVERAGE('V25'!F32,'V26'!F32)) * 100 -> 94.905055 | G34: =(G32 / AVERAGE('V25'!G32,'V26'!G32)) * 100 -> 93.867579 | H34: =IFERROR((G34*0.6)+(F34*0.4),"") -> 94.28257
A35: 4 | C35: Gavel 4 | D35: Vara | E35: Ant | F35: Förs | G35: BV | H35: B% | I35: idx antal | J35: idx förs | K35: idx BV
B36: KOMBI: 101648050 101625436 | C36: g41 | D36: Softlan Appear & Van | E36: 434 | F36: 10251.24 | G36: 2277.54 | H36: =IFERROR(G36/F36,"") -> 0.22217215 | I36: =IFERROR(((E36/$B$112) / AVERAGE('V25'!E36/'V25'!$B$112, 'V26'!E36/'V26'!$B$112)) * 100,"") -> 80.460493 | J36: =IFERROR(((F36/$B$112) / AVERAGE('V25'!F36/'V25'!$B$112, 'V26'!F36/'V26'!$B$112)) * 100,"") -> 80.447591 | K36: =IFERROR(((G36/$B$112) / AVERAGE('V25'!G36/'V25'!$B$112, 'V26'!G36/'V26'!$B$112)) * 100,"") -> 80.295231
C37: g42
C38: g43
C39: g44
C40: total | E40: =SUM(E36:E39) -> 434 | F40: =SUM(F36:F39) -> 10251.24 | G40: =SUM(G36:G39) -> 2277.54 | H40: =IFERROR(G40/F40,"") -> 0.22217215
B41: diff föreg V | E41: =IFERROR((E40-('V26'!E40))/('V26'!E40),"") -> -0.097713098 | F41: =IFERROR((F40-('V26'!F40))/('V26'!F40),"") -> -0.097934035 | G41: =IFERROR((G40-('V26'!G40))/('V26'!G40),"") -> -0.091716118 | H41: =IFERROR(H40-('V26'!H40),"") -> 0.0015209429
B42: index | E42: =E40/$B$112 -> 0.022595929 | F42: =F40/$B$112 -> 0.53372416 | G42: =G40/$B$112 -> 0.11857864
B43: index diff % | E43: =IFERROR((E42-'V26'!E42)/'V26'!E42,"") -> -0.1522064 | F43: =IFERROR((F42-'V26'!F42)/'V26'!F42,"") -> -0.15241399 | G43: =IFERROR((G42-'V26'!G42)/'V26'!G42,"") -> -0.1465716
B44: Prestations Index | E44: =(E42 / AVERAGE('V25'!E42,'V26'!E42)) * 100 -> 80.460493 | F44: =(F42 / AVERAGE('V25'!F42,'V26'!F42)) * 100 -> 80.447591 | G44: =(G42 / AVERAGE('V25'!G42,'V26'!G42)) * 100 -> 80.295231 | H44: =IFERROR((G44*0.6)+(F44*0.4),"") -> 80.356175
A45: 5 | C45: Gavel 5 | D45: Vara | E45: Ant | F45: Förs | G45: BV | H45: B% | I45: idx antal | J45: idx förs | K45: idx BV
B46: 101440122 | C46: g51 | D46: OMO OMO 2,6 LITER FLYTANDE TVÄTT 2,6 | E46: 248 | F46: 18019.84 | G46: 659.84 | H46: =IFERROR(G46/F46,"") -> 0.036617417 | I46: =IFERROR(((E46/$B$112) / AVERAGE('V25'!E46/'V25'!$B$112, 'V26'!E46/'V26'!$B$112)) * 100,"") -> 107.45328 | J46: =IFERROR(((F46/$B$112) / AVERAGE('V25'!F46/'V25'!$B$112, 'V26'!F46/'V26'!$B$112)) * 100,"") -> 108.51176 | K46: =IFERROR(((G46/$B$112) / AVERAGE('V25'!G46/'V25'!$B$112, 'V26'!G46/'V26'!$B$112)) * 100,"") -> -266.15154
C47: g52
C48: g53
C49: g54
C50: total | E50: =SUM(E46:E49) -> 248 | F50: =SUM(F46:F49) -> 18019.84 | G50: =SUM(G46:G49) -> 659.84 | H50: =IFERROR(G50/F50,"") -> 0.036617417
B51: diff föreg V | E51: =IFERROR((E50-('V26'!E50))/('V26'!E50),"") -> 0.064377682 | F51: =IFERROR((F50-('V26'!F50))/('V26'!F50),"") -> 0.074741094 | G51: =IFERROR((G50-('V26'!G50))/('V26'!G50),"") -> -20.803121 | H51: =IFERROR(H50-('V26'!H50),"") -> 0.038604692
B52: index | E52: =E50/$B$112 -> 0.012911959 | F52: =F50/$B$112 -> 0.93819128 | G52: =G50/$B$112 -> 0.034354142
B53: index diff % | E53: =IFERROR((E52-'V26'!E52)/'V26'!E52,"") -> 9.4967165e-05 | F53: =IFERROR((F52-'V26'!F52)/'V26'!F52,"") -> 0.0098324838 | G53: =IFERROR((G52-'V26'!G52)/'V26'!G52,"") -> -19.607119
B54: Prestations Index | E54: =(E52 / AVERAGE('V25'!E52,'V26'!E52)) * 100 -> 107.45328 | F54: =(F52 / AVERAGE('V25'!F52,'V26'!F52)) * 100 -> 108.51176 | G54: =(G52 / AVERAGE('V25'!G52,'V26'!G52)) * 100 -> -266.15154 | H54: =IFERROR((G54*0.6)+(F54*0.4),"") -> -116.28622
A55: 6 | C55: Gavel 6 | D55: Vara | E55: Ant | F55: Förs | G55: BV | H55: B% | I55: idx antal | J55: idx förs | K55: idx BV
B56: KOMBI: 101692806 101692807 | C56: g61 | D56: Comfort 1,56L | E56: 152 | F56: 6193.48 | G56: 1329.48 | H56: =IFERROR(G56/F56,"") -> 0.214658 | I56: =IFERROR(((E56/$B$112) / AVERAGE('V25'!E56/'V25'!$B$112, 'V26'!E56/'V26'!$B$112)) * 100,"") -> 75.385452 | J56: =IFERROR(((F56/$B$112) / AVERAGE('V25'!F56/'V25'!$B$112, 'V26'!F56/'V26'!$B$112)) * 100,"") -> 75.36063 | K56: =IFERROR(((G56/$B$112) / AVERAGE('V25'!G56/'V25'!$B$112, 'V26'!G56/'V26'!$B$112)) * 100,"") -> 75.269956
C57: g62
C58: g63
C59: g64
C60: total | E60: =SUM(E56:E59) -> 152 | F60: =SUM(F56:F59) -> 6193.48 | G60: =SUM(G56:G59) -> 1329.48 | H60: =IFERROR(G60/F60,"") -> 0.214658
B61: diff föreg V | E61: =IFERROR((E60-('V26'!E60))/('V26'!E60),"") -> -0.18716578 | F61: =IFERROR((F60-('V26'!F60))/('V26'!F60),"") -> -0.18743342 | G61: =IFERROR((G60-('V26'!G60))/('V26'!G60),"") -> -0.18841111 | H61: =IFERROR(H60-('V26'!H60),"") -> -0.00025858971
B62: index | E62: =E60/$B$112 -> 0.0079137814 | F62: =F60/$B$112 -> 0.32245952 | G62: =G60/$B$112 -> 0.069218514
B63: index diff % | E63: =IFERROR((E62-'V26'!E62)/'V26'!E62,"") -> -0.23625661 | F63: =IFERROR((F62-'V26'!F62)/'V26'!F62,"") -> -0.23650809 | G63: =IFERROR((G62-'V26'!G62)/'V26'!G62,"") -> -0.23742673
B64: Prestations Index | E64: =(E62 / AVERAGE('V25'!E62,'V26'!E62)) * 100 -> 75.385452 | F64: =(F62 / AVERAGE('V25'!F62,'V26'!F62)) * 100 -> 75.36063 | G64: =(G62 / AVERAGE('V25'!G62,'V26'!G62)) * 100 -> 75.269956 | H64: =IFERROR((G64*0.6)+(F64*0.4),"") -> 75.306225
A65: 7 | C65: Gavel 7 | D65: Vara | E65: Ant | F65: Förs | G65: BV | H65: B% | I65: idx antal | J65: idx förs | K65: idx BV
B66: KOMBI: 101648242 101648245 | C66: g71 | D66: CIF Cream 750ML | E66: 149 | F66: 3085.97 | G66: 709.42 | H66: =IFERROR(G66/F66,"") -> 0.22988558 | I66: =IFERROR(((E66/$B$112) / AVERAGE('V25'!E66/'V25'!$B$112, 'V26'!E66/'V26'!$B$112)) * 100,"") -> 197.85417 | J66: =IFERROR(((F66/$B$112) / AVERAGE('V25'!F66/'V25'!$B$112, 'V26'!F66/'V26'!$B$112)) * 100,"") -> 197.38915 | K66: =IFERROR(((G66/$B$112) / AVERAGE('V25'!G66/'V25'!$B$112, 'V26'!G66/'V26'!$B$112)) * 100,"") -> 195.84716
C67: g72
C68: g73
C69: g74
C70: total | E70: =SUM(E66:E69) -> 149 | F70: =SUM(F66:F69) -> 3085.97 | G70: =SUM(G66:G69) -> 709.42 | H70: =IFERROR(G70/F70,"") -> 0.22988558
B71: diff föreg V | E71: =IFERROR((E70-('V26'!E70))/('V26'!E70),"") -> 0.25210084 | F71: =IFERROR((F70-('V26'!F70))/('V26'!F70),"") -> 0.24915804 | G71: =IFERROR((G70-('V26'!G70))/('V26'!G70),"") -> 0.23939971 | H71: =IFERROR(H70-('V26'!H70),"") -> -0.0018099895
B72: index | E72: =E70/$B$112 -> 0.0077575884 | F72: =F70/$B$112 -> 0.16066903 | G72: =G70/$B$112 -> 0.036935492
B73: index diff % | E73: =IFERROR((E72-'V26'!E72)/'V26'!E72,"") -> 0.17648065 | F73: =IFERROR((F72-'V26'!F72)/'V26'!F72,"") -> 0.17371558 | G73: =IFERROR((G72-'V26'!G72)/'V26'!G72,"") -> 0.1645466
B74: Prestations Index | E74: =(E72 / AVERAGE('V25'!E72,'V26'!E72)) * 100 -> 197.85417 | F74: =(F72 / AVERAGE('V25'!F72,'V26'!F72)) * 100 -> 197.38915 | G74: =(G72 / AVERAGE('V25'!G72,'V26'!G72)) * 100 -> 195.84716 | H74: =IFERROR((G74*0.6)+(F74*0.4),"") -> 196.46396
A75: 8 | C75: Gavel 8 | D75: Vara | E75: Ant | F75: Förs | G75: BV | H75: B% | I75: idx antal | J75: idx förs | K75: idx BV
B76: 101737137 | C76: g81 | D76: CIF DISKMEDEL | E76: 48 | F76: 1532.48 | G76: 332.48 | H76: =IFERROR(G76/F76,"") -> 0.21695552 | I76: =IFERROR(((E76/$B$112) / AVERAGE('V25'!E76/'V25'!$B$112, 'V26'!E76/'V26'!$B$112)) * 100,"") -> 86.874562 | J76: =IFERROR(((F76/$B$112) / AVERAGE('V25'!F76/'V25'!$B$112, 'V26'!F76/'V26'!$B$112)) * 100,"") -> 86.991043 | K76: =IFERROR(((G76/$B$112) / AVERAGE('V25'!G76/'V25'!$B$112, 'V26'!G76/'V26'!$B$112)) * 100,"") -> 87.414062
C77: g82
C78: g83
C79: g84
C80: total | E80: =SUM(E76:E79) -> 48 | F80: =SUM(F76:F79) -> 1532.48 | G80: =SUM(G76:G79) -> 332.48 | H80: =IFERROR(G80/F80,"") -> 0.21695552
B81: diff föreg V | E81: =IFERROR((E80-('V26'!E80))/('V26'!E80),"") -> -0.020408163 | F81: =IFERROR((F80-('V26'!F80))/('V26'!F80),"") -> -0.019426173 | G81: =IFERROR((G80-('V26'!G80))/('V26'!G80),"") -> -0.015865498 | H81: =IFERROR(H80-('V26'!H80),"") -> 0.00078496179
B82: index | E82: =E80/$B$112 -> 0.0024990889 | F82: =F80/$B$112 -> 0.079787577 | G82: =G80/$B$112 -> 0.017310356
B83: index diff % | E83: =IFERROR((E82-'V26'!E82)/'V26'!E82,"") -> -0.079570267 | F83: =IFERROR((F82-'V26'!F82)/'V26'!F82,"") -> -0.078647584 | G83: =IFERROR((G82-'V26'!G82)/'V26'!G82,"") -> -0.075301955
B84: Prestations Index | E84: =(E82 / AVERAGE('V25'!E82,'V26'!E82)) * 100 -> 86.874562 | F84: =(F82 / AVERAGE('V25'!F82,'V26'!F82)) * 100 -> 86.991043 | G84: =(G82 / AVERAGE('V25'!G82,'V26'!G82)) * 100 -> 87.414062 | H84: =IFERROR((G84*0.6)+(F84*0.4),"") -> 87.244854
A85: 9 | C85: Gavel 9 | D85: Vara | E85: Ant | F85: Förs | G85: BV | H85: B% | I85: idx antal | J85: idx förs | K85: idx BV
B86: 101768879 | C86: g91 | D86: HANDDISKMEDEL | E86: 225 | F86: 8100 | G86: 1354.5 | H86: =IFERROR(G86/F86,"") -> 0.16722222 | I86: =IFERROR(((E86/$B$112) / AVERAGE('V25'!E86/'V25'!$B$112, 'V26'!E86/'V26'!$B$112)) * 100,"") -> 102.51051 | J86: =IFERROR(((F86/$B$112) / AVERAGE('V25'!F86/'V25'!$B$112, 'V26'!F86/'V26'!$B$112)) * 100,"") -> 102.51051 | K86: =IFERROR(((G86/$B$112) / AVERAGE('V25'!G86/'V25'!$B$112, 'V26'!G86/'V26'!$B$112)) * 100,"") -> 98.490904
C87: g92
C88: g93
C89: g94
C90: total | E90: =SUM(E86:E89) -> 225 | F90: =SUM(F86:F89) -> 8100 | G90: =SUM(G86:G89) -> 1354.5 | H90: =IFERROR(G90/F90,"") -> 0.16722222
B91: diff föreg V | E91: =IFERROR((E90-('V26'!E90))/('V26'!E90),"") -> 0.125 | F91: =IFERROR((F90-('V26'!F90))/('V26'!F90),"") -> 0.125 | G91: =IFERROR((G90-('V26'!G90))/('V26'!G90),"") -> 0.125 | H91: =IFERROR(H90-('V26'!H90),"") -> 0
B92: index | E92: =E90/$B$112 -> 0.011714479 | F92: =F90/$B$112 -> 0.42172125 | G92: =G90/$B$112 -> 0.070521164
B93: index diff % | E93: =IFERROR((E92-'V26'!E92)/'V26'!E92,"") -> 0.057056021 | F93: =IFERROR((F92-'V26'!F92)/'V26'!F92,"") -> 0.057056021 | G93: =IFERROR((G92-'V26'!G92)/'V26'!G92,"") -> 0.057056021
B94: Prestations Index | E94: =(E92 / AVERAGE('V25'!E92,'V26'!E92)) * 100 -> 102.51051 | F94: =(F92 / AVERAGE('V25'!F92,'V26'!F92)) * 100 -> 102.51051 | G94: =(G92 / AVERAGE('V25'!G92,'V26'!G92)) * 100 -> 98.490904 | H94: =IFERROR((G94*0.6)+(F94*0.4),"") -> 100.09874
A95: 10 | C95: Gavel 10 | D95: Vara | E95: Ant | F95: Förs | G95: BV | H95: B% | I95: idx antal | J95: idx förs | K95: idx BV
B96: KOMBI: 101767745 101887812 101765859 | C96: g101 | D96: Zalo Lav & Cherry | E96: 256 | F96: 9216 | G96: 1541.12 | H96: =IFERROR(G96/F96,"") -> 0.16722222 | I96: =IFERROR(((E96/$B$112) / AVERAGE('V25'!E96/'V25'!$B$112, 'V26'!E96/'V26'!$B$112)) * 100,"") -> 92.481082 | J96: =IFERROR(((F96/$B$112) / AVERAGE('V25'!F96/'V25'!$B$112, 'V26'!F96/'V26'!$B$112)) * 100,"") -> 92.507386 | K96: =IFERROR(((G96/$B$112) / AVERAGE('V25'!G96/'V25'!$B$112, 'V26'!G96/'V26'!$B$112)) * 100,"") -> 88.521535
C97: g102
C98: g103
C99: g104
C100: total | E100: =SUM(E96:E99) -> 256 | F100: =SUM(F96:F99) -> 9216 | G100: =SUM(G96:G99) -> 1541.12 | H100: =IFERROR(G100/F100,"") -> 0.16722222
B101: diff föreg V | E101: =IFERROR((E100-('V26'!E100))/('V26'!E100),"") -> 0.27363184 | F101: =IFERROR((F100-('V26'!F100))/('V26'!F100),"") -> 0.27394874 | G101: =IFERROR((G100-('V26'!G100))/('V26'!G100),"") -> 0.27552929 | H101: =IFERROR(H100-('V26'!H100),"") -> 0.0002072102
...

Sheet V28
A1: RANKING-APP
C3: vecka 28
C4: Vecka 28 | I4: 28 | J4: mot historik
A5: 1 | C5: Gavel 1 | D5: Vara | E5: Ant | F5: Förs | G5: BV | H5: B% | I5: idx antal | J5: idx förs | K5: idx BV
B6: KOMBI: 101896068 101896037 | C6: g11 | D6: Viking vivid&sens 2700ml | E6: 52 | F6: 3658.72 | G6: 738.72 | H6: =IFERROR(G6/F6,"") -> 0.20190668 | I6: =IFERROR(((E6/$B$112) / AVERAGE('V25'!E6/'V25'!$B$112, 'V26'!E6/'V26'!$B$112, 'V27'!E6/'V27'!$B$112)) * 100,"") -> 34.702799 | J6: =IFERROR(((F6/$B$112) / AVERAGE('V25'!F6/'V25'!$B$112, 'V26'!F6/'V26'!$B$112, 'V27'!F6/'V27'!$B$112)) * 100,"") -> 34.032167 | K6: =IFERROR(((G6/$B$112) / AVERAGE('V25'!G6/'V25'!$B$112, 'V26'!G6/'V26'!$B$112, 'V27'!G6/'V27'!$B$112)) * 100,"") -> 29.405861
C7: g12
C8: g13
C9: g14
C10: total | E10: =SUM(E6:E9) -> 52 | F10: =SUM(F6:F9) -> 3658.72 | G10: =SUM(G6:G9) -> 738.72 | H10: =IFERROR(G10/F10,"") -> 0.20190668
B11: diff föreg V | E11: =IFERROR((E10-('V27'!E10))/('V27'!E10),"") -> -0.35 | F11: =IFERROR((F10-('V27'!F10))/('V27'!F10),"") -> -0.35476862 | G11: =IFERROR((G10-('V27'!G10))/('V27'!G10),"") -> -0.1956446 | H11: =IFERROR(H10-('V27'!H10),"") -> 0.039942795
B12: index | E12: =E10/$B$112 -> 0.0026511675 | F12: =F10/$B$112 -> 0.18653615 | G12: =G10/$B$112 -> 0.037662894
B13: index diff % | E13: =IFERROR((E12-'V27'!E12)/'V27'!E12,"") -> -0.36348781 | F13: =IFERROR((F12-'V27'!F12)/'V27'!F12,"") -> -0.36815749 | G13: =IFERROR((G12-'V27'!G12)/'V27'!G12,"") -> -0.21233536
B14: Prestations Index | E14: =(E12 / AVERAGE('V25'!E12,'V26'!E12,'V27'!E12)) * 100 -> 34.702799 | F14: =(F12 / AVERAGE('V25'!F12,'V26'!F12,'V27'!F12)) * 100 -> 34.032167 | G14: =(G12 / AVERAGE('V25'!G12,'V26'!G12,'V27'!G12)) * 100 -> 29.405861 | H14: =IFERROR((G14*0.6)+(F14*0.4),"") -> 31.256383
A15: 2 | C15: Gavel 2 | D15: Vara | E15: Ant | F15: Förs | G15: BV | H15: B% | I15: idx antal | J15: idx förs | K15: idx BV
B16: KOMBI: 101595376 101595377 101595375 101547828 | C16: g21 | D16: CIF spray 750ml | E16: 197 | F16: 3929.12 | G16: 786.97 | H16: =IFERROR(G16/F16,"") -> 0.20029167 | I16: =IFERROR(((E16/$B$112) / AVERAGE('V25'!E16/'V25'!$B$112, 'V26'!E16/'V26'!$B$112, 'V27'!E16/'V27'!$B$112)) * 100,"") -> 115.20437 | J16: =IFERROR(((F16/$B$112) / AVERAGE('V25'!F16/'V25'!$B$112, 'V26'!F16/'V26'!$B$112, 'V27'!F16/'V27'!$B$112)) * 100,"") -> 113.28842 | K16: =IFERROR(((G16/$B$112) / AVERAGE('V25'!G16/'V25'!$B$112, 'V26'!G16/'V26'!$B$112, 'V27'!G16/'V27'!$B$112)) * 100,"") -> 108.19828
C17: g22
C18: g23
C19: g24
C20: total | E20: =SUM(E16:E19) -> 197 | F20: =SUM(F16:F19) -> 3929.12 | G20: =SUM(G16:G19) -> 786.97 | H20: =IFERROR(G20/F20,"") -> 0.20029167
B21: diff föreg V | E21: =IFERROR((E20-('V27'!E20))/('V27'!E20),"") -> 0.094444444 | F21: =IFERROR((F20-('V27'!F20))/('V27'!F20),"") -> 0.094215511 | G21: =IFERROR((G20-('V27'!G20))/('V27'!G20),"") -> 0.093302399 | H21: =IFERROR(H20-('V27'!H20),"") -> -0.00016728101
B22: index | E22: =E20/$B$112 -> 0.010043846 | F22: =F20/$B$112 -> 0.20032222 | G22: =G20/$B$112 -> 0.040122871
B23: index diff % | E23: =IFERROR((E22-'V27'!E22)/'V27'!E22,"") -> 0.071734192 | F23: =IFERROR((F22-'V27'!F22)/'V27'!F22,"") -> 0.071510009 | G23: =IFERROR((G22-'V27'!G22)/'V27'!G22,"") -> 0.070615845
B24: Prestations Index | E24: =(E22 / AVERAGE('V25'!E22,'V26'!E22,'V27'!E22)) * 100 -> 115.20437 | F24: =(F22 / AVERAGE('V25'!F22,'V26'!F22,'V27'!F22)) * 100 -> 113.28842 | G24: =(G22 / AVERAGE('V25'!G22,'V26'!G22,'V27'!G22)) * 100 -> 108.19828 | H24: =IFERROR((G24*0.6)+(F24*0.4),"") -> 110.23433
A25: 3 | C25: Gavel 3 | D25: Vara | E25: Ant | F25: Förs | G25: BV | H25: B% | I25: idx antal | J25: idx förs | K25: idx BV
B26: 101648059 | C26: g31 | D26: PK SOF SKÖLJ OUTDFR1300ML | E26: 588 | F26: 13893.44 | G26: 3069.2 | H26: =IFERROR(G26/F26,"") -> 0.22091001 | I26: =IFERROR(((E26/$B$112) / AVERAGE('V25'!E26/'V25'!$B$112, 'V26'!E26/'V26'!$B$112, 'V27'!E26/'V27'!$B$112)) * 100,"") -> 107.32294 | J26: =IFERROR(((F26/$B$112) / AVERAGE('V25'!F26/'V25'!$B$112, 'V26'!F26/'V26'!$B$112, 'V27'!F26/'V27'!$B$112)) * 100,"") -> 107.33841 | K26: =IFERROR(((G26/$B$112) / AVERAGE('V25'!G26/'V25'!$B$112, 'V26'!G26/'V26'!$B$112, 'V27'!G26/'V27'!$B$112)) * 100,"") -> 107.94154
C27: g32
C28: g33
C29: g34
C30: total | E30: =SUM(E26:E29) -> 588 | F30: =SUM(F26:F29) -> 13893.44 | G30: =SUM(G26:G29) -> 3069.2 | H30: =IFERROR(G30/F30,"") -> 0.22091001
B31: diff föreg V | E31: =IFERROR((E30-('V27'!E30))/('V27'!E30),"") -> 0.13513514 | F31: =IFERROR((F30-('V27'!F30))/('V27'!F30),"") -> 0.13535953 | G31: =IFERROR((G30-('V27'!G30))/('V27'!G30),"") -> 0.15029721 | H31: =IFERROR(H30-('V27'!H30),"") -> 0.0028687212
B32: index | E32: =E30/$B$112 -> 0.029978587 | F32: =F30/$B$112 -> 0.70834302 | G32: =G30/$B$112 -> 0.15648007
B33: index diff % | E33: =IFERROR((E32-'V27'!E32)/'V27'!E32,"") -> 0.11158053 | F33: =IFERROR((F32-'V27'!F32)/'V27'!F32,"") -> 0.11180027 | G33: =IFERROR((G32-'V27'!G32)/'V27'!G32,"") -> 0.12642798
B34: Prestations Index | E34: =(E32 / AVERAGE('V25'!E32,'V26'!E32,'V27'!E32)) * 100 -> 107.32294 | F34: =(F32 / AVERAGE('V25'!F32,'V26'!F32,'V27'!F32)) * 100 -> 107.33841 | G34: =(G32 / AVERAGE('V25'!G32,'V26'!G32,'V27'!G32)) * 100 -> 107.94154 | H34: =IFERROR((G34*0.6)+(F34*0.4),"") -> 107.70029
A35: 4 | C35: Gavel 4 | D35: Vara | E35: Ant | F35: Förs | G35: BV | H35: B% | I35: idx antal | J35: idx förs | K35: idx BV
B36: KOMBI: 101648050 101625436 | C36: g41 | D36: Softlan Appear & Van | E36: 561 | F36: 13248.88 | G36: 3016.9 | H36: =IFERROR(G36/F36,"") -> 0.22770981 | I36: =IFERROR(((E36/$B$112) / AVERAGE('V25'!E36/'V25'!$B$112, 'V26'!E36/'V26'!$B$112, 'V27'!E36/'V27'!$B$112)) * 100,"") -> 108.94285 | J36: =IFERROR(((F36/$B$112) / AVERAGE('V25'!F36/'V25'!$B$112, 'V26'!F36/'V26'!$B$112, 'V27'!F36/'V27'!$B$112)) * 100,"") -> 108.91275 | K36: =IFERROR(((G36/$B$112) / AVERAGE('V25'!G36/'V25'!$B$112, 'V26'!G36/'V26'!$B$112, 'V27'!G36/'V27'!$B$112)) * 100,"") -> 111.47656
C37: g42
C38: g43
C39: g44
C40: total | E40: =SUM(E36:E39) -> 561 | F40: =SUM(F36:F39) -> 13248.88 | G40: =SUM(G36:G39) -> 3016.9 | H40: =IFERROR(G40/F40,"") -> 0.22770981
B41: diff föreg V | E41: =IFERROR((E40-('V27'!E40))/('V27'!E40),"") -> 0.29262673 | F41: =IFERROR((F40-('V27'!F40))/('V27'!F40),"") -> 0.29241731 | G41: =IFERROR((G40-('V27'!G40))/('V27'!G40),"") -> 0.32463096 | H41: =IFERROR(H40-('V27'!H40),"") -> 0.005537667
B42: index | E42: =E40/$B$112 -> 0.028602019 | F42: =F40/$B$112 -> 0.67548078 | G42: =G40/$B$112 -> 0.1538136
B43: index diff % | E43: =IFERROR((E42-'V27'!E42)/'V27'!E42,"") -> 0.2658041 | F43: =IFERROR((F42-'V27'!F42)/'V27'!F42,"") -> 0.26559902 | G43: =IFERROR((G42-'V27'!G42)/'V27'!G42,"") -> 0.29714423
B44: Prestations Index | E44: =(E42 / AVERAGE('V25'!E42,'V26'!E42,'V27'!E42)) * 100 -> 108.94285 | F44: =(F42 / AVERAGE('V25'!F42,'V26'!F42,'V27'!F42)) * 100 -> 108.91275 | G44: =(G42 / AVERAGE('V25'!G42,'V26'!G42,'V27'!G42)) * 100 -> 111.47656 | H44: =IFERROR((G44*0.6)+(F44*0.4),"") -> 110.45104
A45: 5 | C45: Gavel 5 | D45: Vara | E45: Ant | F45: Förs | G45: BV | H45: B% | I45: idx antal | J45: idx förs | K45: idx BV
B46: 101440122 | C46: g51 | D46: OMO OMO 2,6 LITER FLYTANDE TVÄTT 2,6 | E46: 177 | F46: 14018.4 | G46: 1628.4 | H46: =IFERROR(G46/F46,"") -> 0.11616162 | I46: =IFERROR(((E46/$B$112) / AVERAGE('V25'!E46/'V25'!$B$112, 'V26'!E46/'V26'!$B$112, 'V27'!E46/'V27'!$B$112)) * 100,"") -> 73.27853 | J46: =IFERROR(((F46/$B$112) / AVERAGE('V25'!F46/'V25'!$B$112, 'V26'!F46/'V26'!$B$112, 'V27'!F46/'V27'!$B$112)) * 100,"") -> 80.383558 | K46: =IFERROR(((G46/$B$112) / AVERAGE('V25'!G46/'V25'!$B$112, 'V26'!G46/'V26'!$B$112, 'V27'!G46/'V27'!$B$112)) * 100,"") -> 2916.9305
C47: g52
C48: g53
C49: g54
C50: total | E50: =SUM(E46:E49) -> 177 | F50: =SUM(F46:F49) -> 14018.4 | G50: =SUM(G46:G49) -> 1628.4 | H50: =IFERROR(G50/F50,"") -> 0.11616162
B51: diff föreg V | E51: =IFERROR((E50-('V27'!E50))/('V27'!E50),"") -> -0.28629032 | F51: =IFERROR((F50-('V27'!F50))/('V27'!F50),"") -> -0.22205747 | G51: =IFERROR((G50-('V27'!G50))/('V27'!G50),"") -> 1.467871 | H51: =IFERROR(H50-('V27'!H50),"") -> 0.079544199
B52: index | E52: =E50/$B$112 -> 0.0090241664 | F52: =F50/$B$112 -> 0.71471398 | G52: =G50/$B$112 -> 0.083022331
B53: index diff % | E53: =IFERROR((E52-'V27'!E52)/'V27'!E52,"") -> -0.30110014 | F53: =IFERROR((F52-'V27'!F52)/'V27'!F52,"") -> -0.23820015 | G53: =IFERROR((G52-'V27'!G52)/'V27'!G52,"") -> 1.4166615
B54: Prestations Index | E54: =(E52 / AVERAGE('V25'!E52,'V26'!E52,'V27'!E52)) * 100 -> 73.27853 | F54: =(F52 / AVERAGE('V25'!F52,'V26'!F52,'V27'!F52)) * 100 -> 80.383558 | G54: =(G52 / AVERAGE('V25'!G52,'V26'!G52,'V27'!G52)) * 100 -> 2916.9305 | H54: =IFERROR((G54*0.6)+(F54*0.4),"") -> 1782.3117
A55: 6 | C55: Gavel 6 | D55: Vara | E55: Ant | F55: Förs | G55: BV | H55: B% | I55: idx antal | J55: idx förs | K55: idx BV
B56: KOMBI: 101692806 101692807 | C56: g61 | D56: Comfort 1,56L | E56: 152 | F56: 6195.52 | G56: 1331.52 | H56: =IFERROR(G56/F56,"") -> 0.21491658 | I56: =IFERROR(((E56/$B$112) / AVERAGE('V25'!E56/'V25'!$B$112, 'V26'!E56/'V26'!$B$112, 'V27'!E56/'V27'!$B$112)) * 100,"") -> 80.419463 | J56: =IFERROR(((F56/$B$112) / AVERAGE('V25'!F56/'V25'!$B$112, 'V26'!F56/'V26'!$B$112, 'V27'!F56/'V27'!$B$112)) * 100,"") -> 80.426713 | K56: =IFERROR(((G56/$B$112) / AVERAGE('V25'!G56/'V25'!$B$112, 'V26'!G56/'V26'!$B$112, 'V27'!G56/'V27'!$B$112)) * 100,"") -> 80.453206
C57: g62
C58: g63
C59: g64
C60: total | E60: =SUM(E56:E59) -> 152 | F60: =SUM(F56:F59) -> 6195.52 | G60: =SUM(G56:G59) -> 1331.52 | H60: =IFERROR(G60/F60,"") -> 0.21491658
B61: diff föreg V | E61: =IFERROR((E60-('V27'!E60))/('V27'!E60),"") -> 0 | F61: =IFERROR((F60-('V27'!F60))/('V27'!F60),"") -> 0.00032937864 | G61: =IFERROR((G60-('V27'!G60))/('V27'!G60),"") -> 0.0015344345 | H61: =IFERROR(H60-('V27'!H60),"") -> 0.00025858971
B62: index | E62: =E60/$B$112 -> 0.0077495666 | F62: =F60/$B$112 -> 0.31587234 | G62: =G60/$B$112 -> 0.067886204
B63: index diff % | E63: =IFERROR((E62-'V27'!E62)/'V27'!E62,"") -> -0.020750484 | F63: =IFERROR((F62-'V27'!F62)/'V27'!F62,"") -> -0.02042794 | G63: =IFERROR((G62-'V27'!G62)/'V27'!G62,"") -> -0.01924789
B64: Prestations Index | E64: =(E62 / AVERAGE('V25'!E62,'V26'!E62,'V27'!E62)) * 100 -> 80.419463 | F64: =(F62 / AVERAGE('V25'!F62,'V26'!F62,'V27'!F62)) * 100 -> 80.426713 | G64: =(G62 / AVERAGE('V25'!G62,'V26'!G62,'V27'!G62)) * 100 -> 80.453206 | H64: =IFERROR((G64*0.6)+(F64*0.4),"") -> 80.442608
A65: 7 | C65: Gavel 7 | D65: Vara | E65: Ant | F65: Förs | G65: BV | H65: B% | I65: idx antal | J65: idx förs | K65: idx BV
B66: KOMBI: 101648242 101648245 | C66: g71 | D66: CIF Cream 750ML | E66: 145 | F66: 3008.12 | G66: 695.37 | H66: =IFERROR(G66/F66,"") -> 0.23116432 | I66: =IFERROR(((E66/$B$112) / AVERAGE('V25'!E66/'V25'!$B$112, 'V26'!E66/'V26'!$B$112, 'V27'!E66/'V27'!$B$112)) * 100,"") -> 142.17317 | J66: =IFERROR(((F66/$B$112) / AVERAGE('V25'!F66/'V25'!$B$112, 'V26'!F66/'V26'!$B$112, 'V27'!F66/'V27'!$B$112)) * 100,"") -> 142.24118 | K66: =IFERROR(((G66/$B$112) / AVERAGE('V25'!G66/'V25'!$B$112, 'V26'!G66/'V26'!$B$112, 'V27'!G66/'V27'!$B$112)) * 100,"") -> 142.46786
C67: g72
C68: g73
C69: g74
C70: total | E70: =SUM(E66:E69) -> 145 | F70: =SUM(F66:F69) -> 3008.12 | G70: =SUM(G66:G69) -> 695.37 | H70: =IFERROR(G70/F70,"") -> 0.23116432
B71: diff föreg V | E71: =IFERROR((E70-('V27'!E70))/('V27'!E70),"") -> -0.026845638 | F71: =IFERROR((F70-('V27'!F70))/('V27'!F70),"") -> -0.025227076 | G71: =IFERROR((G70-('V27'!G70))/('V27'!G70),"") -> -0.019804911 | H71: =IFERROR(H70-('V27'!H70),"") -> 0.0012787363
B72: index | E72: =E70/$B$112 -> 0.0073926787 | F72: =F70/$B$112 -> 0.15336596 | G72: =G70/$B$112 -> 0.035452738
B73: index diff % | E73: =IFERROR((E72-'V27'!E72)/'V27'!E72,"") -> -0.047039062 | F73: =IFERROR((F72-'V27'!F72)/'V27'!F72,"") -> -0.045454086 | G73: =IFERROR((G72-'V27'!G72)/'V27'!G72,"") -> -0.040144434
B74: Prestations Index | E74: =(E72 / AVERAGE('V25'!E72,'V26'!E72,'V27'!E72)) * 100 -> 142.17317 | F74: =(F72 / AVERAGE('V25'!F72,'V26'!F72,'V27'!F72)) * 100 -> 142.24118 | G74: =(G72 / AVERAGE('V25'!G72,'V26'!G72,'V27'!G72)) * 100 -> 142.46786 | H74: =IFERROR((G74*0.6)+(F74*0.4),"") -> 142.37719
A75: 8 | C75: Gavel 8 | D75: Vara | E75: Ant | F75: Förs | G75: BV | H75: B% | I75: idx antal | J75: idx förs | K75: idx BV
B76: 101737137 | C76: g81 | D76: CIF DISKMEDEL | E76: 43 | F76: 1374.28 | G76: 299.28 | H76: =IFERROR(G76/F76,"") -> 0.21777222 | I76: =IFERROR(((E76/$B$112) / AVERAGE('V25'!E76/'V25'!$B$112, 'V26'!E76/'V26'!$B$112, 'V27'!E76/'V27'!$B$112)) * 100,"") -> 79.697083 | J76: =IFERROR(((F76/$B$112) / AVERAGE('V25'!F76/'V25'!$B$112, 'V26'!F76/'V26'!$B$112, 'V27'!F76/'V27'!$B$112)) * 100,"") -> 79.854837 | K76: =IFERROR(((G76/$B$112) / AVERAGE('V25'!G76/'V25'!$B$112, 'V26'!G76/'V26'!$B$112, 'V27'!G76/'V27'!$B$112)) * 100,"") -> 80.426668
C77: g82
C78: g83
C79: g84
C80: total | E80: =SUM(E76:E79) -> 43 | F80: =SUM(F76:F79) -> 1374.28 | G80: =SUM(G76:G79) -> 299.28 | H80: =IFERROR(G80/F80,"") -> 0.21777222
B81: diff föreg V | E81: =IFERROR((E80-('V27'!E80))/('V27'!E80),"") -> -0.10416667 | F81: =IFERROR((F80-('V27'!F80))/('V27'!F80),"") -> -0.10323136 | G81: =IFERROR((G80-('V27'!G80))/('V27'!G80),"") -> -0.09985563 | H81: =IFERROR(H80-('V27'!H80),"") -> 0.0008166922
B82: index | E82: =E80/$B$112 -> 0.0021923116 | F82: =F80/$B$112 -> 0.070066279 | G82: =G80/$B$112 -> 0.015258489
B83: index diff % | E83: =IFERROR((E82-'V27'!E82)/'V27'!E82,"") -> -0.12275564 | F83: =IFERROR((F82-'V27'!F82)/'V27'!F82,"") -> -0.12183975 | G83: =IFERROR((G82-'V27'!G82)/'V27'!G82,"") -> -0.11853406
B84: Prestations Index | E84: =(E82 / AVERAGE('V25'!E82,'V26'!E82,'V27'!E82)) * 100 -> 79.697083 | F84: =(F82 / AVERAGE('V25'!F82,'V26'!F82,'V27'!F82)) * 100 -> 79.854837 | G84: =(G82 / AVERAGE('V25'!G82,'V26'!G82,'V27'!G82)) * 100 -> 80.426668 | H84: =IFERROR((G84*0.6)+(F84*0.4),"") -> 80.197936
A85: 9 | C85: Gavel 9 | D85: Vara | E85: Ant | F85: Förs | G85: BV | H85: B% | I85: idx antal | J85: idx förs | K85: idx BV
B86: 101768879 | C86: g91 | D86: HANDDISKMEDEL | E86: 204 | F86: 7342.2 | G86: 1226.28 | H86: =IFERROR(G86/F86,"") -> 0.16701806 | I86: =IFERROR(((E86/$B$112) / AVERAGE('V25'!E86/'V25'!$B$112, 'V26'!E86/'V26'!$B$112, 'V27'!E86/'V27'!$B$112)) * 100,"") -> 90.25893 | J86: =IFERROR(((F86/$B$112) / AVERAGE('V25'!F86/'V25'!$B$112, 'V26'!F86/'V26'!$B$112, 'V27'!F86/'V27'!$B$112)) * 100,"") -> 90.236808 | K86: =IFERROR(((G86/$B$112) / AVERAGE('V25'!G86/'V25'!$B$112, 'V26'!G86/'V26'!$B$112, 'V27'!G86/'V27'!$B$112)) * 100,"") -> 87.75872
C87: g92
C88: g93
C89: g94
C90: total | E90: =SUM(E86:E89) -> 204 | F90: =SUM(F86:F89) -> 7342.2 | G90: =SUM(G86:G89) -> 1226.28 | H90: =IFERROR(G90/F90,"") -> 0.16701806
B91: diff föreg V | E91: =IFERROR((E90-('V27'!E90))/('V27'!E90),"") -> -0.093333333 | F91: =IFERROR((F90-('V27'!F90))/('V27'!F90),"") -> -0.093555556 | G91: =IFERROR((G90-('V27'!G90))/('V27'!G90),"") -> -0.094662237 | H91: =IFERROR(H90-('V27'!H90),"") -> -0.00020416224
B92: index | E92: =E90/$B$112 -> 0.010400734 | F92: =F90/$B$112 -> 0.37433466 | G92: =G90/$B$112 -> 0.062520649
B93: index diff % | E93: =IFERROR((E92-'V27'!E92)/'V27'!E92,"") -> -0.11214711 | F93: =IFERROR((F92-'V27'!F92)/'V27'!F92,"") -> -0.11236472 | G93: =IFERROR((G92-'V27'!G92)/'V27'!G92,"") -> -0.11344843
B94: Prestations Index | E94: =(E92 / AVERAGE('V25'!E92,'V26'!E92,'V27'!E92)) * 100 -> 90.25893 | F94: =(F92 / AVERAGE('V25'!F92,'V26'!F92,'V27'!F92)) * 100 -> 90.236808 | G94: =(G92 / AVERAGE('V25'!G92,'V26'!G92,'V27'!G92)) * 100 -> 87.75872 | H94: =IFERROR((G94*0.6)+(F94*0.4),"") -> 88.749955
A95: 10 | C95: Gavel 10 | D95: Vara | E95: Ant | F95: Förs | G95: BV | H95: B% | I95: idx antal | J95: idx förs | K95: idx BV
B96: KOMBI: 101767745 101887812 101765859 | C96: g101 | D96: Zalo Lav & Cherry | E96: 242 | F96: 8712 | G96: 1456.84 | H96: =IFERROR(G96/F96,"") -> 0.16722222 | I96: =IFERROR(((E96/$B$112) / AVERAGE('V25'!E96/'V25'!$B$112, 'V26'!E96/'V26'!$B$112, 'V27'!E96/'V27'!$B$112)) * 100,"") -> 87.810236 | J96: =IFERROR(((F96/$B$112) / AVERAGE('V25'!F96/'V25'!$B$112, 'V26'!F96/'V26'!$B$112, 'V27'!F96/'V27'!$B$112)) * 100,"") -> 87.827312 | K96: =IFERROR(((G96/$B$112) / AVERAGE('V25'!G96/'V25'!$B$112, 'V26'!G96/'V26'!$B$112, 'V27'!G96/'V27'!$B$112)) * 100,"") -> 85.204145
C97: g102
C98: g103
C99: g104
C100: total | E100: =SUM(E96:E99) -> 242 | F100: =SUM(F96:F99) -> 8712 | G100: =SUM(G96:G99) -> 1456.84 | H100: =IFERROR(G100/F100,"") -> 0.16722222
B101: diff föreg V | E101: =IFERROR((E100-('V27'!E100))/('V27'!E100),"") -> -0.0546875 | F101: =IFERROR((F100-('V27'!F100))/('V27'!F100),"") -> -0.0546875 | G101: =IFERROR((G100-('V27'!G100))/('V27'!G100),"") -> -0.0546875 | H101: =IFERROR(H100-('V27'!H100),"") -> 0
...

Sheet V29
A1: RANKING-APP
C3: vecka 29
C4: Vecka 29 | I4: 29 | J4: mot historik
A5: 1 | C5: Gavel 1 | D5: Vara | E5: Ant | F5: Förs | G5: BV | H5: B% | I5: idx antal | J5: idx förs | K5: idx BV
B6: KOMBI: 101712096 101625435 | C6: g11 | D6: A+ Cherry blossom | E6: 99 | F6: 7124.04 | G6: 1778.04 | H6: =IFERROR(G6/F6,"") -> 0.2495831 | I6: =IFERROR(((E6/$B$112) / AVERAGE('V25'!E6/'V25'!$B$112, 'V26'!E6/'V26'!$B$112, 'V27'!E6/'V27'!$B$112, 'V28'!E6/'V28'!$B$112)) * 100,"") -> 71.151579 | J6: =IFERROR(((F6/$B$112) / AVERAGE('V25'!F6/'V25'!$B$112, 'V26'!F6/'V26'!$B$112, 'V27'!F6/'V27'!$B$112, 'V28'!F6/'V28'!$B$112)) * 100,"") -> 71.506583 | K6: =IFERROR(((G6/$B$112) / AVERAGE('V25'!G6/'V25'!$B$112, 'V26'!G6/'V26'!$B$112, 'V27'!G6/'V27'!$B$112, 'V28'!G6/'V28'!$B$112)) * 100,"") -> 77.448282
C7: g12
C8: g13
C9: g14
C10: total | E10: =SUM(E6:E9) -> 99 | F10: =SUM(F6:F9) -> 7124.04 | G10: =SUM(G6:G9) -> 1778.04 | H10: =IFERROR(G10/F10,"") -> 0.2495831
B11: diff föreg V | E11: =IFERROR((E10-('V28'!E10))/('V28'!E10),"") -> 0.90384615 | F11: =IFERROR((F10-('V28'!F10))/('V28'!F10),"") -> 0.94713998 | G11: =IFERROR((G10-('V28'!G10))/('V28'!G10),"") -> 1.4069201 | H11: =IFERROR(H10-('V28'!H10),"") -> 0.047676424
B12: index | E12: =E10/$B$112 -> 0.0045483782 | F12: =F10/$B$112 -> 0.3273013 | G12: =G10/$B$112 -> 0.081688873
B13: index diff % | E13: =IFERROR((E12-'V28'!E12)/'V28'!E12,"") -> 0.71561327 | F13: =IFERROR((F12-'V28'!F12)/'V28'!F12,"") -> 0.75462665 | G13: =IFERROR((G12-'V28'!G12)/'V28'!G12,"") -> 1.1689484
B14: Prestations Index | E14: =(E12 / AVERAGE('V25'!E12,'V26'!E12,'V27'!E12,'V28'!E12)) * 100 -> 71.151579 | F14: =(F12 / AVERAGE('V25'!F12,'V26'!F12,'V27'!F12,'V28'!F12)) * 100 -> 71.506583 | G14: =(G12 / AVERAGE('V25'!G12,'V26'!G12,'V27'!G12,'V28'!G12)) * 100 -> 77.448282 | H14: =IFERROR((G14*0.6)+(F14*0.4),"") -> 75.071602
A15: 2 | C15: Gavel 2 | D15: Vara | E15: Ant | F15: Förs | G15: BV | H15: B% | I15: idx antal | J15: idx förs | K15: idx BV
B16: KOMBI: 101595376 101595377 101595375 101547828 | C16: g21 | D16: CIF spray 750ml | E16: 215 | F16: 4288.41 | G16: 859.16 | H16: =IFERROR(G16/F16,"") -> 0.20034465 | I16: =IFERROR(((E16/$B$112) / AVERAGE('V25'!E16/'V25'!$B$112, 'V26'!E16/'V26'!$B$112, 'V27'!E16/'V27'!$B$112, 'V28'!E16/'V28'!$B$112)) * 100,"") -> 109.15077 | J16: =IFERROR(((F16/$B$112) / AVERAGE('V25'!F16/'V25'!$B$112, 'V26'!F16/'V26'!$B$112, 'V27'!F16/'V27'!$B$112, 'V28'!F16/'V28'!$B$112)) * 100,"") -> 107.84024 | K16: =IFERROR(((G16/$B$112) / AVERAGE('V25'!G16/'V25'!$B$112, 'V26'!G16/'V26'!$B$112, 'V27'!G16/'V27'!$B$112, 'V28'!G16/'V28'!$B$112)) * 100,"") -> 104.30679
C17: g22
C18: g23
C19: g24
C20: total | E20: =SUM(E16:E19) -> 215 | F20: =SUM(F16:F19) -> 4288.41 | G20: =SUM(G16:G19) -> 859.16 | H20: =IFERROR(G20/F20,"") -> 0.20034465
B21: diff föreg V | E21: =IFERROR((E20-('V28'!E20))/('V28'!E20),"") -> 0.091370558 | F21: =IFERROR((F20-('V28'!F20))/('V28'!F20),"") -> 0.091442868 | G21: =IFERROR((G20-('V28'!G20))/('V28'!G20),"") -> 0.091731578 | H21: =IFERROR(H20-('V28'!H20),"") -> 5.2981518e-05
B22: index | E22: =E20/$B$112 -> 0.0098777911 | F22: =F20/$B$112 -> 0.19702334 | G22: =G20/$B$112 -> 0.039472572
B23: index diff % | E23: =IFERROR((E22-'V28'!E22)/'V28'!E22,"") -> -0.016533027 | F23: =IFERROR((F22-'V28'!F22)/'V28'!F22,"") -> -0.016467867 | G23: =IFERROR((G22-'V28'!G22)/'V28'!G22,"") -> -0.016207701
B24: Prestations Index | E24: =(E22 / AVERAGE('V25'!E22,'V26'!E22,'V27'!E22,'V28'!E22)) * 100 -> 109.15077 | F24: =(F22 / AVERAGE('V25'!F22,'V26'!F22,'V27'!F22,'V28'!F22)) * 100 -> 107.84024 | G24: =(G22 / AVERAGE('V25'!G22,'V26'!G22,'V27'!G22,'V28'!G22)) * 100 -> 104.30679 | H24: =IFERROR((G24*0.6)+(F24*0.4),"") -> 105.72017
A25: 3 | C25: Gavel 3 | D25: Vara | E25: Ant | F25: Förs | G25: BV | H25: B% | I25: idx antal | J25: idx förs | K25: idx BV
B26: 101648059 | C26: g31 | D26: PK SOF SKÖLJ OUTDFR1300ML | E26: 797 | F26: 18827.12 | G26: 4222.4 | H26: =IFERROR(G26/F26,"") -> 0.22427222 | I26: =IFERROR(((E26/$B$112) / AVERAGE('V25'!E26/'V25'!$B$112, 'V26'!E26/'V26'!$B$112, 'V27'!E26/'V27'!$B$112, 'V28'!E26/'V28'!$B$112)) * 100,"") -> 128.73073 | J26: =IFERROR(((F26/$B$112) / AVERAGE('V25'!F26/'V25'!$B$112, 'V26'!F26/'V26'!$B$112, 'V27'!F26/'V27'!$B$112, 'V28'!F26/'V28'!$B$112)) * 100,"") -> 128.71271 | K26: =IFERROR(((G26/$B$112) / AVERAGE('V25'!G26/'V25'!$B$112, 'V26'!G26/'V26'!$B$112, 'V27'!G26/'V27'!$B$112, 'V28'!G26/'V28'!$B$112)) * 100,"") -> 131.21165
C27: g32
C28: g33
C29: g34
C30: total | E30: =SUM(E26:E29) -> 797 | F30: =SUM(F26:F29) -> 18827.12 | G30: =SUM(G26:G29) -> 4222.4 | H30: =IFERROR(G30/F30,"") -> 0.22427222
B31: diff föreg V | E31: =IFERROR((E30-('V28'!E30))/('V28'!E30),"") -> 0.35544218 | F31: =IFERROR((F30-('V28'!F30))/('V28'!F30),"") -> 0.3551086 | G31: =IFERROR((G30-('V28'!G30))/('V28'!G30),"") -> 0.37573309 | H31: =IFERROR(H30-('V28'!H30),"") -> 0.0033622079
B32: index | E32: =E30/$B$112 -> 0.036616742 | F32: =F30/$B$112 -> 0.86497841 | G32: =G30/$B$112 -> 0.19399063
B33: index diff % | E33: =IFERROR((E32-'V28'!E32)/'V28'!E32,"") -> 0.22142988 | F33: =IFERROR((F32-'V28'!F32)/'V28'!F32,"") -> 0.22112929 | G33: =IFERROR((G32-'V28'!G32)/'V28'!G32,"") -> 0.23971464
B34: Prestations Index | E34: =(E32 / AVERAGE('V25'!E32,'V26'!E32,'V27'!E32,'V28'!E32)) * 100 -> 128.73073 | F34: =(F32 / AVERAGE('V25'!F32,'V26'!F32,'V27'!F32,'V28'!F32)) * 100 -> 128.71271 | G34: =(G32 / AVERAGE('V25'!G32,'V26'!G32,'V27'!G32,'V28'!G32)) * 100 -> 131.21165 | H34: =IFERROR((G34*0.6)+(F34*0.4),"") -> 130.21208
A35: 4 | C35: Gavel 4 | D35: Vara | E35: Ant | F35: Förs | G35: BV | H35: B% | I35: idx antal | J35: idx förs | K35: idx BV
B36: KOMBI: 101648050 101625436 | C36: g41 | D36: Softlan Appear & Van | E36: 727 | F36: 17176.08 | G36: 3817.5 | H36: =IFERROR(G36/F36,"") -> 0.22225677 | I36: =IFERROR(((E36/$B$112) / AVERAGE('V25'!E36/'V25'!$B$112, 'V26'!E36/'V26'!$B$112, 'V27'!E36/'V27'!$B$112, 'V28'!E36/'V28'!$B$112)) * 100,"") -> 124.43863 | J36: =IFERROR(((F36/$B$112) / AVERAGE('V25'!F36/'V25'!$B$112, 'V26'!F36/'V26'!$B$112, 'V27'!F36/'V27'!$B$112, 'V28'!F36/'V28'!$B$112)) * 100,"") -> 124.46307 | K36: =IFERROR(((G36/$B$112) / AVERAGE('V25'!G36/'V25'!$B$112, 'V26'!G36/'V26'!$B$112, 'V27'!G36/'V27'!$B$112, 'V28'!G36/'V28'!$B$112)) * 100,"") -> 123.56746
C37: g42
C38: g43
C39: g44
C40: total | E40: =SUM(E36:E39) -> 727 | F40: =SUM(F36:F39) -> 17176.08 | G40: =SUM(G36:G39) -> 3817.5 | H40: =IFERROR(G40/F40,"") -> 0.22225677
B41: diff föreg V | E41: =IFERROR((E40-('V28'!E40))/('V28'!E40),"") -> 0.29590018 | F41: =IFERROR((F40-('V28'!F40))/('V28'!F40),"") -> 0.29641751 | G41: =IFERROR((G40-('V28'!G40))/('V28'!G40),"") -> 0.26537174 | H41: =IFERROR(H40-('V28'!H40),"") -> -0.0054530476
B42: index | E42: =E40/$B$112 -> 0.033400717 | F42: =F40/$B$112 -> 0.78912432 | G42: =G40/$B$112 -> 0.17538822
B43: index diff % | E43: =IFERROR((E42-'V28'!E42)/'V28'!E42,"") -> 0.16777479 | F43: =IFERROR((F42-'V28'!F42)/'V28'!F42,"") -> 0.16824097 | G43: =IFERROR((G42-'V28'!G42)/'V28'!G42,"") -> 0.14026469
B44: Prestations Index | E44: =(E42 / AVERAGE('V25'!E42,'V26'!E42,'V27'!E42,'V28'!E42)) * 100 -> 124.43863 | F44: =(F42 / AVERAGE('V25'!F42,'V26'!F42,'V27'!F42,'V28'!F42)) * 100 -> 124.46307 | G44: =(G42 / AVERAGE('V25'!G42,'V26'!G42,'V27'!G42,'V28'!G42)) * 100 -> 123.56746 | H44: =IFERROR((G44*0.6)+(F44*0.4),"") -> 123.9257
A45: 5 | C45: Gavel 5 | D45: Vara | E45: Ant | F45: Förs | G45: BV | H45: B% | I45: idx antal | J45: idx förs | K45: idx BV
B46: 101440122 | C46: g51 | D46: OMO OMO 2,6 LITER FLYTANDE TVÄTT 2,6 | E46: 274 | F46: 21700.8 | G46: 2520.8 | H46: =IFERROR(G46/F46,"") -> 0.11616162 | I46: =IFERROR(((E46/$B$112) / AVERAGE('V25'!E46/'V25'!$B$112, 'V26'!E46/'V26'!$B$112, 'V27'!E46/'V27'!$B$112, 'V28'!E46/'V28'!$B$112)) * 100,"") -> 109.53895 | J46: =IFERROR(((F46/$B$112) / AVERAGE('V25'!F46/'V25'!$B$112, 'V26'!F46/'V26'!$B$112, 'V27'!F46/'V27'!$B$112, 'V28'!F46/'V28'!$B$112)) * 100,"") -> 117.91534 | K46: =IFERROR(((G46/$B$112) / AVERAGE('V25'!G46/'V25'!$B$112, 'V26'!G46/'V26'!$B$112, 'V27'!G46/'V27'!$B$112, 'V28'!G46/'V28'!$B$112)) * 100,"") -> 505.95191
C47: g52
C48: g53
C49: g54
C50: total | E50: =SUM(E46:E49) -> 274 | F50: =SUM(F46:F49) -> 21700.8 | G50: =SUM(G46:G49) -> 2520.8 | H50: =IFERROR(G50/F50,"") -> 0.11616162
B51: diff föreg V | E51: =IFERROR((E50-('V28'!E50))/('V28'!E50),"") -> 0.5480226 | F51: =IFERROR((F50-('V28'!F50))/('V28'!F50),"") -> 0.5480226 | G51: =IFERROR((G50-('V28'!G50))/('V28'!G50),"") -> 0.5480226 | H51: =IFERROR(H50-('V28'!H50),"") -> 0
B52: index | E52: =E50/$B$112 -> 0.012588441 | F52: =F50/$B$112 -> 0.9970045 | G52: =G50/$B$112 -> 0.11581365
B53: index diff % | E53: =IFERROR((E52-'V28'!E52)/'V28'!E52,"") -> 0.39496992 | F53: =IFERROR((F52-'V28'!F52)/'V28'!F52,"") -> 0.39496992 | G53: =IFERROR((G52-'V28'!G52)/'V28'!G52,"") -> 0.39496992
B54: Prestations Index | E54: =(E52 / AVERAGE('V25'!E52,'V26'!E52,'V27'!E52,'V28'!E52)) * 100 -> 109.53895 | F54: =(F52 / AVERAGE('V25'!F52,'V26'!F52,'V27'!F52,'V28'!F52)) * 100 -> 117.91534 | G54: =(G52 / AVERAGE('V25'!G52,'V26'!G52,'V27'!G52,'V28'!G52)) * 100 -> 505.95191 | H54: =IFERROR((G54*0.6)+(F54*0.4),"") -> 350.73728
A55: 6 | C55: Gavel 6 | D55: Vara | E55: Ant | F55: Förs | G55: BV | H55: B% | I55: idx antal | J55: idx förs | K55: idx BV
B56: KOMBI: 101692806 101692807 | C56: g61 | D56: Comfort 1,56L | E56: 196 | F56: 7988.96 | G56: 1716.96 | H56: =IFERROR(G56/F56,"") -> 0.21491658 | I56: =IFERROR(((E56/$B$112) / AVERAGE('V25'!E56/'V25'!$B$112, 'V26'!E56/'V26'!$B$112, 'V27'!E56/'V27'!$B$112, 'V28'!E56/'V28'!$B$112)) * 100,"") -> 98.25586 | J56: =IFERROR(((F56/$B$112) / AVERAGE('V25'!F56/'V25'!$B$112, 'V26'!F56/'V26'!$B$112, 'V27'!F56/'V27'!$B$112, 'V28'!F56/'V28'!$B$112)) * 100,"") -> 98.262845 | K56: =IFERROR(((G56/$B$112) / AVERAGE('V25'!G56/'V25'!$B$112, 'V26'!G56/'V26'!$B$112, 'V27'!G56/'V27'!$B$112, 'V28'!G56/'V28'!$B$112)) * 100,"") -> 98.288368
C57: g62
C58: g63
C59: g64
C60: total | E60: =SUM(E56:E59) -> 196 | F60: =SUM(F56:F59) -> 7988.96 | G60: =SUM(G56:G59) -> 1716.96 | H60: =IFERROR(G60/F60,"") -> 0.21491658
B61: diff föreg V | E61: =IFERROR((E60-('V28'!E60))/('V28'!E60),"") -> 0.28947368 | F61: =IFERROR((F60-('V28'!F60))/('V28'!F60),"") -> 0.28947368 | G61: =IFERROR((G60-('V28'!G60))/('V28'!G60),"") -> 0.28947368 | H61: =IFERROR(H60-('V28'!H60),"") -> 2.7755576e-17
B62: index | E62: =E60/$B$112 -> 0.00900487 | F62: =F60/$B$112 -> 0.3670385 | G62: =G60/$B$112 -> 0.078882661
B63: index diff % | E63: =IFERROR((E62-'V28'!E62)/'V28'!E62,"") -> 0.16198368 | F63: =IFERROR((F62-'V28'!F62)/'V28'!F62,"") -> 0.16198368 | G63: =IFERROR((G62-'V28'!G62)/'V28'!G62,"") -> 0.16198368
B64: Prestations Index | E64: =(E62 / AVERAGE('V25'!E62,'V26'!E62,'V27'!E62,'V28'!E62)) * 100 -> 98.25586 | F64: =(F62 / AVERAGE('V25'!F62,'V26'!F62,'V27'!F62,'V28'!F62)) * 100 -> 98.262845 | G64: =(G62 / AVERAGE('V25'!G62,'V26'!G62,'V27'!G62,'V28'!G62)) * 100 -> 98.288368 | H64: =IFERROR((G64*0.6)+(F64*0.4),"") -> 98.278159
A65: 7 | C65: Gavel 7 | D65: Vara | E65: Ant | F65: Förs | G65: BV | H65: B% | I65: idx antal | J65: idx förs | K65: idx BV
B66: KOMBI: 101648242 101648245 | C66: g71 | D66: CIF Cream 750ML | E66: 157 | F66: 3258.28 | G66: 754.13 | H66: =IFERROR(G66/F66,"") -> 0.23145034 | I66: =IFERROR(((E66/$B$112) / AVERAGE('V25'!E66/'V25'!$B$112, 'V26'!E66/'V26'!$B$112, 'V27'!E66/'V27'!$B$112, 'V28'!E66/'V28'!$B$112)) * 100,"") -> 125.48865 | J66: =IFERROR(((F66/$B$112) / AVERAGE('V25'!F66/'V25'!$B$112, 'V26'!F66/'V26'!$B$112, 'V27'!F66/'V27'!$B$112, 'V28'!F66/'V28'!$B$112)) * 100,"") -> 125.57609 | K66: =IFERROR(((G66/$B$112) / AVERAGE('V25'!G66/'V25'!$B$112, 'V26'!G66/'V26'!$B$112, 'V27'!G66/'V27'!$B$112, 'V28'!G66/'V28'!$B$112)) * 100,"") -> 125.86731
C67: g72
C68: g73
C69: g74
C70: total | E70: =SUM(E66:E69) -> 157 | F70: =SUM(F66:F69) -> 3258.28 | G70: =SUM(G66:G69) -> 754.13 | H70: =IFERROR(G70/F70,"") -> 0.23145034
B71: diff föreg V | E71: =IFERROR((E70-('V28'!E70))/('V28'!E70),"") -> 0.082758621 | F71: =IFERROR((F70-('V28'!F70))/('V28'!F70),"") -> 0.083161576 | G71: =IFERROR((G70-('V28'!G70))/('V28'!G70),"") -> 0.084501776 | H71: =IFERROR(H70-('V28'!H70),"") -> 0.00028602051
B72: index | E72: =E70/$B$112 -> 0.0072130846 | F72: =F70/$B$112 -> 0.14969586 | G72: =G70/$B$112 -> 0.034647156
B73: index diff % | E73: =IFERROR((E72-'V28'!E72)/'V28'!E72,"") -> -0.024293504 | F73: =IFERROR((F72-'V28'!F72)/'V28'!F72,"") -> -0.023930389 | G73: =IFERROR((G72-'V28'!G72)/'V28'!G72,"") -> -0.022722694
B74: Prestations Index | E74: =(E72 / AVERAGE('V25'!E72,'V26'!E72,'V27'!E72,'V28'!E72)) * 100 -> 125.48865 | F74: =(F72 / AVERAGE('V25'!F72,'V26'!F72,'V27'!F72,'V28'!F72)) * 100 -> 125.57609 | G74: =(G72 / AVERAGE('V25'!G72,'V26'!G72,'V27'!G72,'V28'!G72)) * 100 -> 125.86731 | H74: =IFERROR((G74*0.6)+(F74*0.4),"") -> 125.75082
A75: 8 | C75: Gavel 8 | D75: Vara | E75: Ant | F75: Förs | G75: BV | H75: B% | I75: idx antal | J75: idx förs | K75: idx BV
B76: 101737137 | C76: g81 | D76: CIF DISKMEDEL | E76: 57 | F76: 1821.72 | G76: 396.72 | H76: =IFERROR(G76/F76,"") -> 0.21777222 | I76: =IFERROR(((E76/$B$112) / AVERAGE('V25'!E76/'V25'!$B$112, 'V26'!E76/'V26'!$B$112, 'V27'!E76/'V27'!$B$112, 'V28'!E76/'V28'!$B$112)) * 100,"") -> 100.29034 | J76: =IFERROR(((F76/$B$112) / AVERAGE('V25'!F76/'V25'!$B$112, 'V26'!F76/'V26'!$B$112, 'V27'!F76/'V27'!$B$112, 'V28'!F76/'V28'!$B$112)) * 100,"") -> 100.44712 | K76: =IFERROR(((G76/$B$112) / AVERAGE('V25'!G76/'V25'!$B$112, 'V26'!G76/'V26'!$B$112, 'V27'!G76/'V27'!$B$112, 'V28'!G76/'V28'!$B$112)) * 100,"") -> 101.01435
C77: g82
C78: g83
C79: g84
C80: total | E80: =SUM(E76:E79) -> 57 | F80: =SUM(F76:F79) -> 1821.72 | G80: =SUM(G76:G79) -> 396.72 | H80: =IFERROR(G80/F80,"") -> 0.21777222
B81: diff föreg V | E81: =IFERROR((E80-('V28'!E80))/('V28'!E80),"") -> 0.3255814 | F81: =IFERROR((F80-('V28'!F80))/('V28'!F80),"") -> 0.3255814 | G81: =IFERROR((G80-('V28'!G80))/('V28'!G80),"") -> 0.3255814 | H81: =IFERROR(H80-('V28'!H80),"") -> 2.7755576e-17
B82: index | E82: =E80/$B$112 -> 0.0026187632 | F82: =F80/$B$112 -> 0.083695672 | G82: =G80/$B$112 -> 0.018226592
B83: index diff % | E83: =IFERROR((E82-'V28'!E82)/'V28'!E82,"") -> 0.19452143 | F83: =IFERROR((F82-'V28'!F82)/'V28'!F82,"") -> 0.19452143 | G83: =IFERROR((G82-'V28'!G82)/'V28'!G82,"") -> 0.19452143
B84: Prestations Index | E84: =(E82 / AVERAGE('V25'!E82,'V26'!E82,'V27'!E82,'V28'!E82)) * 100 -> 100.29034 | F84: =(F82 / AVERAGE('V25'!F82,'V26'!F82,'V27'!F82,'V28'!F82)) * 100 -> 100.44712 | G84: =(G82 / AVERAGE('V25'!G82,'V26'!G82,'V27'!G82,'V28'!G82)) * 100 -> 101.01435 | H84: =IFERROR((G84*0.6)+(F84*0.4),"") -> 100.78746
A85: 9 | C85: Gavel 9 | D85: Vara | E85: Ant | F85: Förs | G85: BV | H85: B% | I85: idx antal | J85: idx förs | K85: idx BV
B86: 101768879 | C86: g91 | D86: HANDDISKMEDEL | E86: 237 | F86: 8528.4 | G86: 1423.14 | H86: =IFERROR(G86/F86,"") -> 0.16687069 | I86: =IFERROR(((E86/$B$112) / AVERAGE('V25'!E86/'V25'!$B$112, 'V26'!E86/'V26'!$B$112, 'V27'!E86/'V27'!$B$112, 'V28'!E86/'V28'!$B$112)) * 100,"") -> 96.850763 | J86: =IFERROR(((F86/$B$112) / AVERAGE('V25'!F86/'V25'!$B$112, 'V26'!F86/'V26'!$B$112, 'V27'!F86/'V27'!$B$112, 'V28'!F86/'V28'!$B$112)) * 100,"") -> 96.815386 | K86: =IFERROR(((G86/$B$112) / AVERAGE('V25'!G86/'V25'!$B$112, 'V26'!G86/'V26'!$B$112, 'V27'!G86/'V27'!$B$112, 'V28'!G86/'V28'!$B$112)) * 100,"") -> 94.674762
C87: g92
C88: g93
C89: g94
C90: total | E90: =SUM(E86:E89) -> 237 | F90: =SUM(F86:F89) -> 8528.4 | G90: =SUM(G86:G89) -> 1423.14 | H90: =IFERROR(G90/F90,"") -> 0.16687069
B91: diff föreg V | E91: =IFERROR((E90-('V28'!E90))/('V28'!E90),"") -> 0.16176471 | F91: =IFERROR((F90-('V28'!F90))/('V28'!F90),"") -> 0.16155921 | G91: =IFERROR((G90-('V28'!G90))/('V28'!G90),"") -> 0.1605343 | H91: =IFERROR(H90-('V28'!H90),"") -> -0.00014736911
B92: index | E92: =E90/$B$112 -> 0.010888542 | F92: =F90/$B$112 -> 0.39182211 | G92: =G90/$B$112 -> 0.065383626
B93: index diff % | E93: =IFERROR((E92-'V28'!E92)/'V28'!E92,"") -> 0.046901265 | F93: =IFERROR((F92-'V28'!F92)/'V28'!F92,"") -> 0.046716083 | G93: =IFERROR((G92-'V28'!G92)/'V28'!G92,"") -> 0.045792508
B94: Prestations Index | E94: =(E92 / AVERAGE('V25'!E92,'V26'!E92,'V27'!E92,'V28'!E92)) * 100 -> 96.850763 | F94: =(F92 / AVERAGE('V25'!F92,'V26'!F92,'V27'!F92,'V28'!F92)) * 100 -> 96.815386 | G94: =(G92 / AVERAGE('V25'!G92,'V26'!G92,'V27'!G92,'V28'!G92)) * 100 -> 94.674762 | H94: =IFERROR((G94*0.6)+(F94*0.4),"") -> 95.531012
A95: 10 | C95: Gavel 10 | D95: Vara | E95: Ant | F95: Förs | G95: BV | H95: B% | I95: idx antal | J95: idx förs | K95: idx BV
B96: KOMBI: 101767745 101887812 101765859 | C96: g101 | D96: Zalo Lav & Cherry | E96: 312 | F96: 11232 | G96: 1848.26 | H96: =IFERROR(G96/F96,"") -> 0.16455306 | I96: =IFERROR(((E96/$B$112) / AVERAGE('V25'!E96/'V25'!$B$112, 'V26'!E96/'V26'!$B$112, 'V27'!E96/'V27'!$B$112, 'V28'!E96/'V28'!$B$112)) * 100,"") -> 105.22348 | J96: =IFERROR(((F96/$B$112) / AVERAGE('V25'!F96/'V25'!$B$112, 'V26'!F96/'V26'!$B$112, 'V27'!F96/'V27'!$B$112, 'V28'!F96/'V28'!$B$112)) * 100,"") -> 105.2393 | K96: =IFERROR(((G96/$B$112) / AVERAGE('V25'!G96/'V25'!$B$112, 'V26'!G96/'V26'!$B$112, 'V27'!G96/'V27'!$B$112, 'V28'!G96/'V28'!$B$112)) * 100,"") -> 101.15061
C97: g102
C98: g103
C99: g104
C100: total | E100: =SUM(E96:E99) -> 312 | F100: =SUM(F96:F99) -> 11232 | G100: =SUM(G96:G99) -> 1848.26 | H100: =IFERROR(G100/F100,"") -> 0.16455306
B101: diff föreg V | E101: =IFERROR((E100-('V28'!E100))/('V28'!E100),"") -> 0.2892562 | F101: =IFERROR((F100-('V28'!F100))/('V28'!F100),"") -> 0.2892562 | G101: =IFERROR((G100-('V28'!G100))/('V28'!G100),"") -> 0.26867741 | H101: =IFERROR(H100-('V28'!H100),"") -> -0.0026691595
...

Sheet V30
A1: RANKING-APP
C3: vecka 30
C4: Vecka 30 | I4: 30 | J4: mot historik
A5: 1 | C5: Gavel 1 | D5: Vara | E5: Ant | F5: Förs | G5: BV | H5: B% | I5: idx antal | J5: idx förs | K5: idx BV
B6: KOMBI: 101712096 101625435 | C6: g11 | D6: A+ Cherry blossom | E6: 210 | F6: 15108 | G6: 3768 | H6: =IFERROR(G6/F6,"") -> 0.24940429 | I6: =IFERROR(((E6/$B$112) / AVERAGE('V25'!E6/'V25'!$B$112, 'V26'!E6/'V26'!$B$112, 'V27'!E6/'V27'!$B$112, 'V28'!E6/'V28'!$B$112, 'V29'!E6/'V29'!$B$112)) * 100,"") -> 155.08851 | J6: =IFERROR(((F6/$B$112) / AVERAGE('V25'!F6/'V25'!$B$112, 'V26'!F6/'V26'!$B$112, 'V27'!F6/'V27'!$B$112, 'V28'!F6/'V28'!$B$112, 'V29'!F6/'V29'!$B$112)) * 100,"") -> 155.70786 | K6: =IFERROR(((G6/$B$112) / AVERAGE('V25'!G6/'V25'!$B$112, 'V26'!G6/'V26'!$B$112, 'V27'!G6/'V27'!$B$112, 'V28'!G6/'V28'!$B$112, 'V29'!G6/'V29'!$B$112)) * 100,"") -> 166.42803
C7: g12
C8: g13
C9: g14
C10: total | E10: =SUM(E6:E9) -> 210 | F10: =SUM(F6:F9) -> 15108 | G10: =SUM(G6:G9) -> 3768 | H10: =IFERROR(G10/F10,"") -> 0.24940429
B11: diff föreg V | E11: =IFERROR((E10-('V29'!E10))/('V29'!E10),"") -> 1.1212121 | F11: =IFERROR((F10-('V29'!F10))/('V29'!F10),"") -> 1.1207068 | G11: =IFERROR((G10-('V29'!G10))/('V29'!G10),"") -> 1.1191874 | H11: =IFERROR(H10-('V29'!H10),"") -> -0.0001788126
B12: index | E12: =E10/$B$112 -> 0.0093420526 | F12: =F10/$B$112 -> 0.67209395 | G12: =G10/$B$112 -> 0.16762311
B13: index diff % | E13: =IFERROR((E12-'V29'!E12)/'V29'!E12,"") -> 1.0539305 | F13: =IFERROR((F12-'V29'!F12)/'V29'!F12,"") -> 1.0534412 | G13: =IFERROR((G12-'V29'!G12)/'V29'!G12,"") -> 1.05197
B14: Prestations Index | E14: =(E12 / AVERAGE('V25'!E12,'V26'!E12,'V27'!E12,'V28'!E12,'V29'!E12)) * 100 -> 155.08851 | F14: =(F12 / AVERAGE('V25'!F12,'V26'!F12,'V27'!F12,'V28'!F12,'V29'!F12)) * 100 -> 155.70786 | G14: =(G12 / AVERAGE('V25'!G12,'V26'!G12,'V27'!G12,'V28'!G12,'V29'!G12)) * 100 -> 166.42803 | H14: =IFERROR((G14*0.6)+(F14*0.4),"") -> 162.13996
A15: 2 | C15: Gavel 2 | D15: Vara | E15: Ant | F15: Förs | G15: BV | H15: B% | I15: idx antal | J15: idx förs | K15: idx BV
B16: KOMBI: 101595376 101595377 101595375 101547828 | C16: g21 | D16: CIF spray 750ml | E16: 200 | F16: 3991 | G16: 801 | H16: =IFERROR(G16/F16,"") -> 0.20070158 | I16: =IFERROR(((E16/$B$112) / AVERAGE('V25'!E16/'V25'!$B$112, 'V26'!E16/'V26'!$B$112, 'V27'!E16/'V27'!$B$112, 'V28'!E16/'V28'!$B$112, 'V29'!E16/'V29'!$B$112)) * 100,"") -> 96.548066 | J16: =IFERROR(((F16/$B$112) / AVERAGE('V25'!F16/'V25'!$B$112, 'V26'!F16/'V26'!$B$112, 'V27'!F16/'V27'!$B$112, 'V28'!F16/'V28'!$B$112, 'V29'!F16/'V29'!$B$112)) * 100,"") -> 95.677715 | K16: =IFERROR(((G16/$B$112) / AVERAGE('V25'!G16/'V25'!$B$112, 'V26'!G16/'V26'!$B$112, 'V27'!G16/'V27'!$B$112, 'V28'!G16/'V28'!$B$112, 'V29'!G16/'V29'!$B$112)) * 100,"") -> 93.357212
C17: g22
C18: g23
C19: g24
C20: total | E20: =SUM(E16:E19) -> 200 | F20: =SUM(F16:F19) -> 3991 | G20: =SUM(G16:G19) -> 801 | H20: =IFERROR(G20/F20,"") -> 0.20070158
B21: diff föreg V | E21: =IFERROR((E20-('V29'!E20))/('V29'!E20),"") -> -0.069767442 | F21: =IFERROR((F20-('V29'!F20))/('V29'!F20),"") -> -0.069352044 | G21: =IFERROR((G20-('V29'!G20))/('V29'!G20),"") -> -0.067694027 | H21: =IFERROR(H20-('V29'!H20),"") -> 0.00035692867
B22: index | E22: =E20/$B$112 -> 0.0088971929 | F22: =F20/$B$112 -> 0.17754349 | G22: =G20/$B$112 -> 0.035633258
B23: index diff % | E23: =IFERROR((E22-'V29'!E22)/'V29'!E22,"") -> -0.099273017 | F23: =IFERROR((F22-'V29'!F22)/'V29'!F22,"") -> -0.098870795 | G23: =IFERROR((G22-'V29'!G22)/'V29'!G22,"") -> -0.097265367
B24: Prestations Index | E24: =(E22 / AVERAGE('V25'!E22,'V26'!E22,'V27'!E22,'V28'!E22,'V29'!E22)) * 100 -> 96.548066 | F24: =(F22 / AVERAGE('V25'!F22,'V26'!F22,'V27'!F22,'V28'!F22,'V29'!F22)) * 100 -> 95.677715 | G24: =(G22 / AVERAGE('V25'!G22,'V26'!G22,'V27'!G22,'V28'!G22,'V29'!G22)) * 100 -> 93.357212 | H24: =IFERROR((G24*0.6)+(F24*0.4),"") -> 94.285414
A25: 3 | C25: Gavel 3 | D25: Vara | E25: Ant | F25: Förs | G25: BV | H25: B% | I25: idx antal | J25: idx förs | K25: idx BV
B26: 101648059 | C26: g31 | D26: PK SOF SKÖLJ OUTDFR1300ML | E26: 539 | F26: 12735.76 | G26: 2812 | H26: =IFERROR(G26/F26,"") -> 0.22079562 | I26: =IFERROR(((E26/$B$112) / AVERAGE('V25'!E26/'V25'!$B$112, 'V26'!E26/'V26'!$B$112, 'V27'!E26/'V27'!$B$112, 'V28'!E26/'V28'!$B$112, 'V29'!E26/'V29'!$B$112)) * 100,"") -> 79.716784 | J26: =IFERROR(((F26/$B$112) / AVERAGE('V25'!F26/'V25'!$B$112, 'V26'!F26/'V26'!$B$112, 'V27'!F26/'V27'!$B$112, 'V28'!F26/'V28'!$B$112, 'V29'!F26/'V29'!$B$112)) * 100,"") -> 79.72863 | K26: =IFERROR(((G26/$B$112) / AVERAGE('V25'!G26/'V25'!$B$112, 'V26'!G26/'V26'!$B$112, 'V27'!G26/'V27'!$B$112, 'V28'!G26/'V28'!$B$112, 'V29'!G26/'V29'!$B$112)) * 100,"") -> 79.640211
C27: g32
C28: g33
C29: g34
C30: total | E30: =SUM(E26:E29) -> 539 | F30: =SUM(F26:F29) -> 12735.76 | G30: =SUM(G26:G29) -> 2812 | H30: =IFERROR(G30/F30,"") -> 0.22079562
B31: diff föreg V | E31: =IFERROR((E30-('V29'!E30))/('V29'!E30),"") -> -0.32371393 | F31: =IFERROR((F30-('V29'!F30))/('V29'!F30),"") -> -0.32354178 | G31: =IFERROR((G30-('V29'!G30))/('V29'!G30),"") -> -0.33402804 | H31: =IFERROR(H30-('V29'!H30),"") -> -0.0034766021
B32: index | E32: =E30/$B$112 -> 0.023977935 | F32: =F30/$B$112 -> 0.56656257 | G32: =G30/$B$112 -> 0.12509453
B33: index diff % | E33: =IFERROR((E32-'V29'!E32)/'V29'!E32,"") -> -0.3451647 | F33: =IFERROR((F32-'V29'!F32)/'V29'!F32,"") -> -0.34499802 | G33: =IFERROR((G32-'V29'!G32)/'V29'!G32,"") -> -0.35515167
B34: Prestations Index | E34: =(E32 / AVERAGE('V25'!E32,'V26'!E32,'V27'!E32,'V28'!E32,'V29'!E32)) * 100 -> 79.716784 | F34: =(F32 / AVERAGE('V25'!F32,'V26'!F32,'V27'!F32,'V28'!F32,'V29'!F32)) * 100 -> 79.72863 | G34: =(G32 / AVERAGE('V25'!G32,'V26'!G32,'V27'!G32,'V28'!G32,'V29'!G32)) * 100 -> 79.640211 | H34: =IFERROR((G34*0.6)+(F34*0.4),"") -> 79.675579
A35: 4 | C35: Gavel 4 | D35: Vara | E35: Ant | F35: Förs | G35: BV | H35: B% | I35: idx antal | J35: idx förs | K35: idx BV
B36: KOMBI: 101648050 101625436 | C36: g41 | D36: Softlan Appear & Van | E36: 494 | F36: 11670.56 | G36: 2603 | H36: =IFERROR(G36/F36,"") -> 0.22303985 | I36: =IFERROR(((E36/$B$112) / AVERAGE('V25'!E36/'V25'!$B$112, 'V26'!E36/'V26'!$B$112, 'V27'!E36/'V27'!$B$112, 'V28'!E36/'V28'!$B$112, 'V29'!E36/'V29'!$B$112)) * 100,"") -> 78.059312 | J36: =IFERROR(((F36/$B$112) / AVERAGE('V25'!F36/'V25'!$B$112, 'V26'!F36/'V26'!$B$112, 'V27'!F36/'V27'!$B$112, 'V28'!F36/'V28'!$B$112, 'V29'!F36/'V29'!$B$112)) * 100,"") -> 78.066528 | K36: =IFERROR(((G36/$B$112) / AVERAGE('V25'!G36/'V25'!$B$112, 'V26'!G36/'V26'!$B$112, 'V27'!G36/'V27'!$B$112, 'V28'!G36/'V28'!$B$112, 'V29'!G36/'V29'!$B$112)) * 100,"") -> 77.910904
C37: g42
C38: g43
C39: g44
C40: total | E40: =SUM(E36:E39) -> 494 | F40: =SUM(F36:F39) -> 11670.56 | G40: =SUM(G36:G39) -> 2603 | H40: =IFERROR(G40/F40,"") -> 0.22303985
B41: diff föreg V | E41: =IFERROR((E40-('V29'!E40))/('V29'!E40),"") -> -0.32049519 | F41: =IFERROR((F40-('V29'!F40))/('V29'!F40),"") -> -0.32053414 | G41: =IFERROR((G40-('V29'!G40))/('V29'!G40),"") -> -0.31814014 | H41: =IFERROR(H40-('V29'!H40),"") -> 0.00078308774
B42: index | E42: =E40/$B$112 -> 0.021976067 | F42: =F40/$B$112 -> 0.51917612 | G42: =G40/$B$112 -> 0.11579697
B43: index diff % | E43: =IFERROR((E42-'V29'!E42)/'V29'!E42,"") -> -0.34204805 | F43: =IFERROR((F42-'V29'!F42)/'V29'!F42,"") -> -0.34208577 | G43: =IFERROR((G42-'V29'!G42)/'V29'!G42,"") -> -0.33976771
B44: Prestations Index | E44: =(E42 / AVERAGE('V25'!E42,'V26'!E42,'V27'!E42,'V28'!E42,'V29'!E42)) * 100 -> 78.059312 | F44: =(F42 / AVERAGE('V25'!F42,'V26'!F42,'V27'!F42,'V28'!F42,'V29'!F42)) * 100 -> 78.066528 | G44: =(G42 / AVERAGE('V25'!G42,'V26'!G42,'V27'!G42,'V28'!G42,'V29'!G42)) * 100 -> 77.910904 | H44: =IFERROR((G44*0.6)+(F44*0.4),"") -> 77.973154
A45: 5 | C45: Gavel 5 | D45: Vara | E45: Ant | F45: Förs | G45: BV | H45: B% | I45: idx antal | J45: idx förs | K45: idx BV
B46: 101440122 | C46: g51 | D46: OMO OMO 2,6 LITER FLYTANDE TVÄTT 2,6 | E46: 234 | F46: 18216 | G46: 1136 | H46: =IFERROR(G46/F46,"") -> 0.062362758 | I46: =IFERROR(((E46/$B$112) / AVERAGE('V25'!E46/'V25'!$B$112, 'V26'!E46/'V26'!$B$112, 'V27'!E46/'V27'!$B$112, 'V28'!E46/'V28'!$B$112, 'V29'!E46/'V29'!$B$112)) * 100,"") -> 88.884927 | J46: =IFERROR(((F46/$B$112) / AVERAGE('V25'!F46/'V25'!$B$112, 'V26'!F46/'V26'!$B$112, 'V27'!F46/'V27'!$B$112, 'V28'!F46/'V28'!$B$112, 'V29'!F46/'V29'!$B$112)) * 100,"") -> 92.525291 | K46: =IFERROR(((G46/$B$112) / AVERAGE('V25'!G46/'V25'!$B$112, 'V26'!G46/'V26'!$B$112, 'V27'!G46/'V27'!$B$112, 'V28'!G46/'V28'!$B$112, 'V29'!G46/'V29'!$B$112)) * 100,"") -> 121.84723
C47: g52
C48: g53
C49: g54
C50: total | E50: =SUM(E46:E49) -> 234 | F50: =SUM(F46:F49) -> 18216 | G50: =SUM(G46:G49) -> 1136 | H50: =IFERROR(G50/F50,"") -> 0.062362758
B51: diff föreg V | E51: =IFERROR((E50-('V29'!E50))/('V29'!E50),"") -> -0.1459854 | F51: =IFERROR((F50-('V29'!F50))/('V29'!F50),"") -> -0.16058394 | G51: =IFERROR((G50-('V29'!G50))/('V29'!G50),"") -> -0.54934941 | H51: =IFERROR(H50-('V29'!H50),"") -> -0.053798858
B52: index | E52: =E50/$B$112 -> 0.010409716 | F52: =F50/$B$112 -> 0.81035633 | G52: =G50/$B$112 -> 0.050536056
B53: index diff % | E53: =IFERROR((E52-'V29'!E52)/'V29'!E52,"") -> -0.17307346 | F53: =IFERROR((F52-'V29'!F52)/'V29'!F52,"") -> -0.18720895 | G53: =IFERROR((G52-'V29'!G52)/'V29'!G52,"") -> -0.56364337
B54: Prestations Index | E54: =(E52 / AVERAGE('V25'!E52,'V26'!E52,'V27'!E52,'V28'!E52,'V29'!E52)) * 100 -> 88.884927 | F54: =(F52 / AVERAGE('V25'!F52,'V26'!F52,'V27'!F52,'V28'!F52,'V29'!F52)) * 100 -> 92.525291 | G54: =(G52 / AVERAGE('V25'!G52,'V26'!G52,'V27'!G52,'V28'!G52,'V29'!G52)) * 100 -> 121.84723 | H54: =IFERROR((G54*0.6)+(F54*0.4),"") -> 110.11846
A55: 6 | C55: Gavel 6 | D55: Vara | E55: Ant | F55: Förs | G55: BV | H55: B% | I55: idx antal | J55: idx förs | K55: idx BV
B56: KOMBI: 101692806 101692807 | C56: g61 | D56: Comfort 1,56L | E56: 245 | F56: 9984.16 | G56: 2144.16 | H56: =IFERROR(G56/F56,"") -> 0.21475617 | I56: =IFERROR(((E56/$B$112) / AVERAGE('V25'!E56/'V25'!$B$112, 'V26'!E56/'V26'!$B$112, 'V27'!E56/'V27'!$B$112, 'V28'!E56/'V28'!$B$112, 'V29'!E56/'V29'!$B$112)) * 100,"") -> 119.34046 | J56: =IFERROR(((F56/$B$112) / AVERAGE('V25'!F56/'V25'!$B$112, 'V26'!F56/'V26'!$B$112, 'V27'!F56/'V27'!$B$112, 'V28'!F56/'V28'!$B$112, 'V29'!F56/'V29'!$B$112)) * 100,"") -> 119.32289 | K56: =IFERROR(((G56/$B$112) / AVERAGE('V25'!G56/'V25'!$B$112, 'V26'!G56/'V26'!$B$112, 'V27'!G56/'V27'!$B$112, 'V28'!G56/'V28'!$B$112, 'V29'!G56/'V29'!$B$112)) * 100,"") -> 119.25869
C57: g62
C58: g63
C59: g64
C60: total | E60: =SUM(E56:E59) -> 245 | F60: =SUM(F56:F59) -> 9984.16 | G60: =SUM(G56:G59) -> 2144.16 | H60: =IFERROR(G60/F60,"") -> 0.21475617
B61: diff föreg V | E61: =IFERROR((E60-('V29'!E60))/('V29'!E60),"") -> 0.25 | F61: =IFERROR((F60-('V29'!F60))/('V29'!F60),"") -> 0.24974465 | G61: =IFERROR((G60-('V29'!G60))/('V29'!G60),"") -> 0.24881185 | H61: =IFERROR(H60-('V29'!H60),"") -> -0.00016041111
B62: index | E62: =E60/$B$112 -> 0.010899061 | F62: =F60/$B$112 -> 0.44415499 | G62: =G60/$B$112 -> 0.095385026
B63: index diff % | E63: =IFERROR((E62-'V29'!E62)/'V29'!E62,"") -> 0.21035188 | F63: =IFERROR((F62-'V29'!F62)/'V29'!F62,"") -> 0.21010463 | G63: =IFERROR((G62-'V29'!G62)/'V29'!G62,"") -> 0.20920142
B64: Prestations Index | E64: =(E62 / AVERAGE('V25'!E62,'V26'!E62,'V27'!E62,'V28'!E62,'V29'!E62)) * 100 -> 119.34046 | F64: =(F62 / AVERAGE('V25'!F62,'V26'!F62,'V27'!F62,'V28'!F62,'V29'!F62)) * 100 -> 119.32289 | G64: =(G62 / AVERAGE('V25'!G62,'V26'!G62,'V27'!G62,'V28'!G62,'V29'!G62)) * 100 -> 119.25869 | H64: =IFERROR((G64*0.6)+(F64*0.4),"") -> 119.28437
A65: 7 | C65: Gavel 7 | D65: Vara | E65: Ant | F65: Förs | G65: BV | H65: B% | I65: idx antal | J65: idx förs | K65: idx BV
B66: KOMBI: 101648242 101648245 | C66: g71 | D66: CIF Cream 750ML | E66: 135 | F66: 2802.6 | G66: 649.35 | H66: =IFERROR(G66/F66,"") -> 0.23169557 | I66: =IFERROR(((E66/$B$112) / AVERAGE('V25'!E66/'V25'!$B$112, 'V26'!E66/'V26'!$B$112, 'V27'!E66/'V27'!$B$112, 'V28'!E66/'V28'!$B$112, 'V29'!E66/'V29'!$B$112)) * 100,"") -> 99.413843 | J66: =IFERROR(((F66/$B$112) / AVERAGE('V25'!F66/'V25'!$B$112, 'V26'!F66/'V26'!$B$112, 'V27'!F66/'V27'!$B$112, 'V28'!F66/'V28'!$B$112, 'V29'!F66/'V29'!$B$112)) * 100,"") -> 99.498311 | K66: =IFERROR(((G66/$B$112) / AVERAGE('V25'!G66/'V25'!$B$112, 'V26'!G66/'V26'!$B$112, 'V27'!G66/'V27'!$B$112, 'V28'!G66/'V28'!$B$112, 'V29'!G66/'V29'!$B$112)) * 100,"") -> 99.779439
C67: g72
C68: g73
C69: g74
C70: total | E70: =SUM(E66:E69) -> 135 | F70: =SUM(F66:F69) -> 2802.6 | G70: =SUM(G66:G69) -> 649.35 | H70: =IFERROR(G70/F70,"") -> 0.23169557
B71: diff föreg V | E71: =IFERROR((E70-('V29'!E70))/('V29'!E70),"") -> -0.14012739 | F71: =IFERROR((F70-('V29'!F70))/('V29'!F70),"") -> -0.13985293 | G71: =IFERROR((G70-('V29'!G70))/('V29'!G70),"") -> -0.13894156 | H71: =IFERROR(H70-('V29'!H70),"") -> 0.00024523264
B72: index | E72: =E70/$B$112 -> 0.0060056052 | F72: =F70/$B$112 -> 0.12467636 | G72: =G70/$B$112 -> 0.028886961
B73: index diff % | E73: =IFERROR((E72-'V29'!E72)/'V29'!E72,"") -> -0.16740125 | F73: =IFERROR((F72-'V29'!F72)/'V29'!F72,"") -> -0.1671355 | G73: =IFERROR((G72-'V29'!G72)/'V29'!G72,"") -> -0.16625304
B74: Prestations Index | E74: =(E72 / AVERAGE('V25'!E72,'V26'!E72,'V27'!E72,'V28'!E72,'V29'!E72)) * 100 -> 99.413843 | F74: =(F72 / AVERAGE('V25'!F72,'V26'!F72,'V27'!F72,'V28'!F72,'V29'!F72)) * 100 -> 99.498311 | G74: =(G72 / AVERAGE('V25'!G72,'V26'!G72,'V27'!G72,'V28'!G72,'V29'!G72)) * 100 -> 99.779439 | H74: =IFERROR((G74*0.6)+(F74*0.4),"") -> 99.666988
A75: 8 | C75: Gavel 8 | D75: Vara | E75: Ant | F75: Förs | G75: BV | H75: B% | I75: idx antal | J75: idx förs | K75: idx BV
B76: 101737137 | C76: g81 | D76: CIF DISKMEDEL | E76: 58 | F76: 1852.08 | G76: 402.08 | H76: =IFERROR(G76/F76,"") -> 0.21709645 | I76: =IFERROR(((E76/$B$112) / AVERAGE('V25'!E76/'V25'!$B$112, 'V26'!E76/'V26'!$B$112, 'V27'!E76/'V27'!$B$112, 'V28'!E76/'V28'!$B$112, 'V29'!E76/'V29'!$B$112)) * 100,"") -> 98.755608 | J76: =IFERROR(((F76/$B$112) / AVERAGE('V25'!F76/'V25'!$B$112, 'V26'!F76/'V26'!$B$112, 'V27'!F76/'V27'!$B$112, 'V28'!F76/'V28'!$B$112, 'V29'!F76/'V29'!$B$112)) * 100,"") -> 98.793657 | K76: =IFERROR(((G76/$B$112) / AVERAGE('V25'!G76/'V25'!$B$112, 'V26'!G76/'V26'!$B$112, 'V27'!G76/'V27'!$B$112, 'V28'!G76/'V28'!$B$112, 'V29'!G76/'V29'!$B$112)) * 100,"") -> 98.931118
C77: g82
C78: g83
C79: g84
C80: total | E80: =SUM(E76:E79) -> 58 | F80: =SUM(F76:F79) -> 1852.08 | G80: =SUM(G76:G79) -> 402.08 | H80: =IFERROR(G80/F80,"") -> 0.21709645
B81: diff föreg V | E81: =IFERROR((E80-('V29'!E80))/('V29'!E80),"") -> 0.01754386 | F81: =IFERROR((F80-('V29'!F80))/('V29'!F80),"") -> 0.016665569 | G81: =IFERROR((G80-('V29'!G80))/('V29'!G80),"") -> 0.013510788 | H81: =IFERROR(H80-('V29'!H80),"") -> -0.00067576155
B82: index | E82: =E80/$B$112 -> 0.002580186 | F82: =F80/$B$112 -> 0.082391565 | G82: =G80/$B$112 -> 0.017886917
B83: index diff % | E83: =IFERROR((E82-'V29'!E82)/'V29'!E82,"") -> -0.014731098 | F83: =IFERROR((F82-'V29'!F82)/'V29'!F82,"") -> -0.015581531 | G83: =IFERROR((G82-'V29'!G82)/'V29'!G82,"") -> -0.018636246
B84: Prestations Index | E84: =(E82 / AVERAGE('V25'!E82,'V26'!E82,'V27'!E82,'V28'!E82,'V29'!E82)) * 100 -> 98.755608 | F84: =(F82 / AVERAGE('V25'!F82,'V26'!F82,'V27'!F82,'V28'!F82,'V29'!F82)) * 100 -> 98.793657 | G84: =(G82 / AVERAGE('V25'!G82,'V26'!G82,'V27'!G82,'V28'!G82,'V29'!G82)) * 100 -> 98.931118 | H84: =IFERROR((G84*0.6)+(F84*0.4),"") -> 98.876134
A85: 9 | C85: Gavel 9 | D85: Vara | E85: Ant | F85: Förs | G85: BV | H85: B% | I85: idx antal | J85: idx förs | K85: idx BV
B86: 101768879 | C86: g91 | D86: HANDDISKMEDEL | E86: 235 | F86: 8460 | G86: 1414.7 | H86: =IFERROR(G86/F86,"") -> 0.16722222 | I86: =IFERROR(((E86/$B$112) / AVERAGE('V25'!E86/'V25'!$B$112, 'V26'!E86/'V26'!$B$112, 'V27'!E86/'V27'!$B$112, 'V28'!E86/'V28'!$B$112, 'V29'!E86/'V29'!$B$112)) * 100,"") -> 93.576812 | J86: =IFERROR(((F86/$B$112) / AVERAGE('V25'!F86/'V25'!$B$112, 'V26'!F86/'V26'!$B$112, 'V27'!F86/'V27'!$B$112, 'V28'!F86/'V28'!$B$112, 'V29'!F86/'V29'!$B$112)) * 100,"") -> 93.588781 | K86: =IFERROR(((G86/$B$112) / AVERAGE('V25'!G86/'V25'!$B$112, 'V26'!G86/'V26'!$B$112, 'V27'!G86/'V27'!$B$112, 'V28'!G86/'V28'!$B$112, 'V29'!G86/'V29'!$B$112)) * 100,"") -> 92.109164
C87: g92
C88: g93
C89: g94
C90: total | E90: =SUM(E86:E89) -> 235 | F90: =SUM(F86:F89) -> 8460 | G90: =SUM(G86:G89) -> 1414.7 | H90: =IFERROR(G90/F90,"") -> 0.16722222
B91: diff föreg V | E91: =IFERROR((E90-('V29'!E90))/('V29'!E90),"") -> -0.0084388186 | F91: =IFERROR((F90-('V29'!F90))/('V29'!F90),"") -> -0.0080202617 | G91: =IFERROR((G90-('V29'!G90))/('V29'!G90),"") -> -0.0059305479 | H91: =IFERROR(H90-('V29'!H90),"") -> 0.00035153135
B92: index | E92: =E90/$B$112 -> 0.010454202 | F92: =F90/$B$112 -> 0.37635126 | G92: =G90/$B$112 -> 0.062934294
B93: index diff % | E93: =IFERROR((E92-'V29'!E92)/'V29'!E92,"") -> -0.039889645 | F93: =IFERROR((F92-'V29'!F92)/'V29'!F92,"") -> -0.039484364 | G93: =IFERROR((G92-'V29'!G92)/'V29'!G92,"") -> -0.037460933
B94: Prestations Index | E94: =(E92 / AVERAGE('V25'!E92,'V26'!E92,'V27'!E92,'V28'!E92,'V29'!E92)) * 100 -> 93.576812 | F94: =(F92 / AVERAGE('V25'!F92,'V26'!F92,'V27'!F92,'V28'!F92,'V29'!F92)) * 100 -> 93.588781 | G94: =(G92 / AVERAGE('V25'!G92,'V26'!G92,'V27'!G92,'V28'!G92,'V29'!G92)) * 100 -> 92.109164 | H94: =IFERROR((G94*0.6)+(F94*0.4),"") -> 92.701011
A95: 10 | C95: Gavel 10 | D95: Vara | E95: Ant | F95: Förs | G95: BV | H95: B% | I95: idx antal | J95: idx förs | K95: idx BV
B96: KOMBI: 101767745 101887812 101765859 | C96: g101 | D96: Zalo Lav & Cherry | E96: 301 | F96: 10832.4 | G96: 1808.42 | H96: =IFERROR(G96/F96,"") -> 0.16694546 | I96: =IFERROR(((E96/$B$112) / AVERAGE('V25'!E96/'V25'!$B$112, 'V26'!E96/'V26'!$B$112, 'V27'!E96/'V27'!$B$112, 'V28'!E96/'V28'!$B$112, 'V29'!E96/'V29'!$B$112)) * 100,"") -> 97.277559 | J96: =IFERROR(((F96/$B$112) / AVERAGE('V25'!F96/'V25'!$B$112, 'V26'!F96/'V26'!$B$112, 'V27'!F96/'V27'!$B$112, 'V28'!F96/'V28'!$B$112, 'V29'!F96/'V29'!$B$112)) * 100,"") -> 97.256822 | K96: =IFERROR(((G96/$B$112) / AVERAGE('V25'!G96/'V25'!$B$112, 'V26'!G96/'V26'!$B$112, 'V27'!G96/'V27'!$B$112, 'V28'!G96/'V28'!$B$112, 'V29'!G96/'V29'!$B$112)) * 100,"") -> 95.611059
C97: g102
C98: g103
C99: g104
C100: total | E100: =SUM(E96:E99) -> 301 | F100: =SUM(F96:F99) -> 10832.4 | G100: =SUM(G96:G99) -> 1808.42 | H100: =IFERROR(G100/F100,"") -> 0.16694546
B101: diff föreg V | E101: =IFERROR((E100-('V29'!E100))/('V29'!E100),"") -> -0.03525641 | F101: =IFERROR((F100-('V29'!F100))/('V29'!F100),"") -> -0.035576923 | G101: =IFERROR((G100-('V29'!G100))/('V29'!G100),"") -> -0.021555409 | H101: =IFERROR(H100-('V29'!H100),"") -> 0.0023923972
...

Sheet V31
A1: RANKING-APP
C3: vecka 31
C4: Vecka 31 | I4: 31 | J4: mot historik
A5: 1 | C5: Gavel 1 | D5: Vara | E5: Ant | F5: Förs | G5: BV | H5: B% | I5: idx antal | J5: idx förs | K5: idx BV
B6: KOMBI: 101712096 101625435 | C6: g11 | D6: A+ Cherry blossom | E6: 199 | F6: 14320.04 | G6: 3574.04 | H6: =IFERROR(G6/F6,"") -> 0.2495831 | I6: =IFERROR(((E6/$B$112) / AVERAGE('V25'!E6/'V25'!$B$112, 'V26'!E6/'V26'!$B$112, 'V27'!E6/'V27'!$B$112, 'V28'!E6/'V28'!$B$112, 'V29'!E6/'V29'!$B$112, 'V30'!E6/'V30'!$B$112)) * 100,"") -> 141.92355 | J6: =IFERROR(((F6/$B$112) / AVERAGE('V25'!F6/'V25'!$B$112, 'V26'!F6/'V26'!$B$112, 'V27'!F6/'V27'!$B$112, 'V28'!F6/'V28'!$B$112, 'V29'!F6/'V29'!$B$112, 'V30'!F6/'V30'!$B$112)) * 100,"") -> 142.38965 | K6: =IFERROR(((G6/$B$112) / AVERAGE('V25'!G6/'V25'!$B$112, 'V26'!G6/'V26'!$B$112, 'V27'!G6/'V27'!$B$112, 'V28'!G6/'V28'!$B$112, 'V29'!G6/'V29'!$B$112, 'V30'!G6/'V30'!$B$112)) * 100,"") -> 149.85207
C7: g12
C8: g13
C9: g14
C10: total | E10: =SUM(E6:E9) -> 199 | F10: =SUM(F6:F9) -> 14320.04 | G10: =SUM(G6:G9) -> 3574.04 | H10: =IFERROR(G10/F10,"") -> 0.2495831
B11: diff föreg V | E11: =IFERROR((E10-('V30'!E10))/('V30'!E10),"") -> -0.052380952 | F11: =IFERROR((F10-('V30'!F10))/('V30'!F10),"") -> -0.05215515 | G11: =IFERROR((G10-('V30'!G10))/('V30'!G10),"") -> -0.051475584 | H11: =IFERROR(H10-('V30'!H10),"") -> 0.0001788126
B12: index | E12: =E10/$B$112 -> 0.0093339587 | F12: =F10/$B$112 -> 0.67167167 | G12: =G10/$B$112 -> 0.1676379
B13: index diff % | E13: =IFERROR((E12-'V30'!E12)/'V30'!E12,"") -> -0.00086638971 | F13: =IFERROR((F12-'V30'!F12)/'V30'!F12,"") -> -0.0006283118 | G13: =IFERROR((G12-'V30'!G12)/'V30'!G12,"") -> 8.8196544e-05
B14: Prestations Index | E14: =(E12 / AVERAGE('V25'!E12,'V26'!E12,'V27'!E12,'V28'!E12,'V29'!E12,'V30'!E12)) * 100 -> 141.92355 | F14: =(F12 / AVERAGE('V25'!F12,'V26'!F12,'V27'!F12,'V28'!F12,'V29'!F12,'V30'!F12)) * 100 -> 142.38965 | G14: =(G12 / AVERAGE('V25'!G12,'V26'!G12,'V27'!G12,'V28'!G12,'V29'!G12,'V30'!G12)) * 100 -> 149.85207 | H14: =IFERROR((G14*0.6)+(F14*0.4),"") -> 146.86711
A15: 2 | C15: Gavel 2 | D15: Vara | E15: Ant | F15: Förs | G15: BV | H15: B% | I15: idx antal | J15: idx förs | K15: idx BV
B16: KOMBI: 101595376 101595377 101595375 101547828 | C16: g21 | D16: CIF spray 750ml | E16: 158 | F16: 3153.68 | G16: 601.68 | H16: =IFERROR(G16/F16,"") -> 0.19078664 | I16: =IFERROR(((E16/$B$112) / AVERAGE('V25'!E16/'V25'!$B$112, 'V26'!E16/'V26'!$B$112, 'V27'!E16/'V27'!$B$112, 'V28'!E16/'V28'!$B$112, 'V29'!E16/'V29'!$B$112, 'V30'!E16/'V30'!$B$112)) * 100,"") -> 80.884679 | J16: =IFERROR(((F16/$B$112) / AVERAGE('V25'!F16/'V25'!$B$112, 'V26'!F16/'V26'!$B$112, 'V27'!F16/'V27'!$B$112, 'V28'!F16/'V28'!$B$112, 'V29'!F16/'V29'!$B$112, 'V30'!F16/'V30'!$B$112)) * 100,"") -> 80.292758 | K16: =IFERROR(((G16/$B$112) / AVERAGE('V25'!G16/'V25'!$B$112, 'V26'!G16/'V26'!$B$112, 'V27'!G16/'V27'!$B$112, 'V28'!G16/'V28'!$B$112, 'V29'!G16/'V29'!$B$112, 'V30'!G16/'V30'!$B$112)) * 100,"") -> 74.766275
C17: g22
C18: g23
C19: g24
C20: total | E20: =SUM(E16:E19) -> 158 | F20: =SUM(F16:F19) -> 3153.68 | G20: =SUM(G16:G19) -> 601.68 | H20: =IFERROR(G20/F20,"") -> 0.19078664
B21: diff föreg V | E21: =IFERROR((E20-('V30'!E20))/('V30'!E20),"") -> -0.21 | F21: =IFERROR((F20-('V30'!F20))/('V30'!F20),"") -> -0.20980205 | G21: =IFERROR((G20-('V30'!G20))/('V30'!G20),"") -> -0.24883895 | H21: =IFERROR(H20-('V30'!H20),"") -> -0.009914942
B22: index | E22: =E20/$B$112 -> 0.0074108818 | F22: =F20/$B$112 -> 0.1479212 | G22: =G20/$B$112 -> 0.028221388
B23: index diff % | E23: =IFERROR((E22-'V30'!E22)/'V30'!E22,"") -> -0.16705394 | F23: =IFERROR((F22-'V30'!F22)/'V30'!F22,"") -> -0.16684523 | G23: =IFERROR((G22-'V30'!G22)/'V30'!G22,"") -> -0.20800426
B24: Prestations Index | E24: =(E22 / AVERAGE('V25'!E22,'V26'!E22,'V27'!E22,'V28'!E22,'V29'!E22,'V30'!E22)) * 100 -> 80.884679 | F24: =(F22 / AVERAGE('V25'!F22,'V26'!F22,'V27'!F22,'V28'!F22,'V29'!F22,'V30'!F22)) * 100 -> 80.292758 | G24: =(G22 / AVERAGE('V25'!G22,'V26'!G22,'V27'!G22,'V28'!G22,'V29'!G22,'V30'!G22)) * 100 -> 74.766275 | H24: =IFERROR((G24*0.6)+(F24*0.4),"") -> 76.976869
A25: 3 | C25: Gavel 3 | D25: Vara | E25: Ant | F25: Förs | G25: BV | H25: B% | I25: idx antal | J25: idx förs | K25: idx BV
B26: 101648059 | C26: g31 | D26: PK SOF SKÖLJ OUTDFR1300ML | E26: 712 | F26: 16817.56 | G26: 3742.84 | H26: =IFERROR(G26/F26,"") -> 0.22255547 | I26: =IFERROR(((E26/$B$112) / AVERAGE('V25'!E26/'V25'!$B$112, 'V26'!E26/'V26'!$B$112, 'V27'!E26/'V27'!$B$112, 'V28'!E26/'V28'!$B$112, 'V29'!E26/'V29'!$B$112, 'V30'!E26/'V30'!$B$112)) * 100,"") -> 114.91221 | J26: =IFERROR(((F26/$B$112) / AVERAGE('V25'!F26/'V25'!$B$112, 'V26'!F26/'V26'!$B$112, 'V27'!F26/'V27'!$B$112, 'V28'!F26/'V28'!$B$112, 'V29'!F26/'V29'!$B$112, 'V30'!F26/'V30'!$B$112)) * 100,"") -> 114.88642 | K26: =IFERROR(((G26/$B$112) / AVERAGE('V25'!G26/'V25'!$B$112, 'V26'!G26/'V26'!$B$112, 'V27'!G26/'V27'!$B$112, 'V28'!G26/'V28'!$B$112, 'V29'!G26/'V29'!$B$112, 'V30'!G26/'V30'!$B$112)) * 100,"") -> 115.69135
C27: g32
C28: g33
C29: g34
C30: total | E30: =SUM(E26:E29) -> 712 | F30: =SUM(F26:F29) -> 16817.56 | G30: =SUM(G26:G29) -> 3742.84 | H30: =IFERROR(G30/F30,"") -> 0.22255547
B31: diff föreg V | E31: =IFERROR((E30-('V30'!E30))/('V30'!E30),"") -> 0.32096475 | F31: =IFERROR((F30-('V30'!F30))/('V30'!F30),"") -> 0.32049913 | G31: =IFERROR((G30-('V30'!G30))/('V30'!G30),"") -> 0.33102418 | H31: =IFERROR(H30-('V30'!H30),"") -> 0.0017598538
B32: index | E32: =E30/$B$112 -> 0.033395872 | F32: =F30/$B$112 -> 0.78881614 | G32: =G30/$B$112 -> 0.17555535
B33: index diff % | E33: =IFERROR((E32-'V30'!E32)/'V30'!E32,"") -> 0.39277517 | F33: =IFERROR((F32-'V30'!F32)/'V30'!F32,"") -> 0.39228424 | G33: =IFERROR((G32-'V30'!G32)/'V30'!G32,"") -> 0.40338145
B34: Prestations Index | E34: =(E32 / AVERAGE('V25'!E32,'V26'!E32,'V27'!E32,'V28'!E32,'V29'!E32,'V30'!E32)) * 100 -> 114.91221 | F34: =(F32 / AVERAGE('V25'!F32,'V26'!F32,'V27'!F32,'V28'!F32,'V29'!F32,'V30'!F32)) * 100 -> 114.88642 | G34: =(G32 / AVERAGE('V25'!G32,'V26'!G32,'V27'!G32,'V28'!G32,'V29'!G32,'V30'!G32)) * 100 -> 115.69135 | H34: =IFERROR((G34*0.6)+(F34*0.4),"") -> 115.36938
A35: 4 | C35: Gavel 4 | D35: Vara | E35: Ant | F35: Förs | G35: BV | H35: B% | I35: idx antal | J35: idx förs | K35: idx BV
B36: KOMBI: 101648050 101625436 | C36: g41 | D36: Softlan Appear & Van | E36: 498 | F36: 11762.28 | G36: 2627.34 | H36: =IFERROR(G36/F36,"") -> 0.22336996 | I36: =IFERROR(((E36/$B$112) / AVERAGE('V25'!E36/'V25'!$B$112, 'V26'!E36/'V26'!$B$112, 'V27'!E36/'V27'!$B$112, 'V28'!E36/'V28'!$B$112, 'V29'!E36/'V29'!$B$112, 'V30'!E36/'V30'!$B$112)) * 100,"") -> 86.118359 | J36: =IFERROR(((F36/$B$112) / AVERAGE('V25'!F36/'V25'!$B$112, 'V26'!F36/'V26'!$B$112, 'V27'!F36/'V27'!$B$112, 'V28'!F36/'V28'!$B$112, 'V29'!F36/'V29'!$B$112, 'V30'!F36/'V30'!$B$112)) * 100,"") -> 86.104906 | K36: =IFERROR(((G36/$B$112) / AVERAGE('V25'!G36/'V25'!$B$112, 'V26'!G36/'V26'!$B$112, 'V27'!G36/'V27'!$B$112, 'V28'!G36/'V28'!$B$112, 'V29'!G36/'V29'!$B$112, 'V30'!G36/'V30'!$B$112)) * 100,"") -> 86.083616
C37: g42
C38: g43
C39: g44
C40: total | E40: =SUM(E36:E39) -> 498 | F40: =SUM(F36:F39) -> 11762.28 | G40: =SUM(G36:G39) -> 2627.34 | H40: =IFERROR(G40/F40,"") -> 0.22336996
B41: diff föreg V | E41: =IFERROR((E40-('V30'!E40))/('V30'!E40),"") -> 0.008097166 | F41: =IFERROR((F40-('V30'!F40))/('V30'!F40),"") -> 0.0078590916 | G41: =IFERROR((G40-('V30'!G40))/('V30'!G40),"") -> 0.0093507491 | H41: =IFERROR(H40-('V30'!H40),"") -> 0.00033010476
B42: index | E42: =E40/$B$112 -> 0.023358349 | F42: =F40/$B$112 -> 0.55170169 | G42: =G40/$B$112 -> 0.12323358
B43: index diff % | E43: =IFERROR((E42-'V30'!E42)/'V30'!E42,"") -> 0.062899446 | F43: =IFERROR((F42-'V30'!F42)/'V30'!F42,"") -> 0.06264843 | G43: =IFERROR((G42-'V30'!G42)/'V30'!G42,"") -> 0.064221177
B44: Prestations Index | E44: =(E42 / AVERAGE('V25'!E42,'V26'!E42,'V27'!E42,'V28'!E42,'V29'!E42,'V30'!E42)) * 100 -> 86.118359 | F44: =(F42 / AVERAGE('V25'!F42,'V26'!F42,'V27'!F42,'V28'!F42,'V29'!F42,'V30'!F42)) * 100 -> 86.104906 | G44: =(G42 / AVERAGE('V25'!G42,'V26'!G42,'V27'!G42,'V28'!G42,'V29'!G42,'V30'!G42)) * 100 -> 86.083616 | H44: =IFERROR((G44*0.6)+(F44*0.4),"") -> 86.092132
A45: 5 | C45: Gavel 5 | D45: Vara | E45: Ant | F45: Förs | G45: BV | H45: B% | I45: idx antal | J45: idx förs | K45: idx BV
B46: 101440122 | C46: g51 | D46: OMO OMO 2,6 LITER FLYTANDE TVÄTT 2,6 | E46: 215 | F46: 16988.4 | G46: 1868.4 | H46: =IFERROR(G46/F46,"") -> 0.10998093 | I46: =IFERROR(((E46/$B$112) / AVERAGE('V25'!E46/'V25'!$B$112, 'V26'!E46/'V26'!$B$112, 'V27'!E46/'V27'!$B$112, 'V28'!E46/'V28'!$B$112, 'V29'!E46/'V29'!$B$112, 'V30'!E46/'V30'!$B$112)) * 100,"") -> 87.732665 | J46: =IFERROR(((F46/$B$112) / AVERAGE('V25'!F46/'V25'!$B$112, 'V26'!F46/'V26'!$B$112, 'V27'!F46/'V27'!$B$112, 'V28'!F46/'V28'!$B$112, 'V29'!F46/'V29'!$B$112, 'V30'!F46/'V30'!$B$112)) * 100,"") -> 92.128514 | K46: =IFERROR(((G46/$B$112) / AVERAGE('V25'!G46/'V25'!$B$112, 'V26'!G46/'V26'!$B$112, 'V27'!G46/'V27'!$B$112, 'V28'!G46/'V28'!$B$112, 'V29'!G46/'V29'!$B$112, 'V30'!G46/'V30'!$B$112)) * 100,"") -> 203.87526
C47: g52
C48: g53
C49: g54
C50: total | E50: =SUM(E46:E49) -> 215 | F50: =SUM(F46:F49) -> 16988.4 | G50: =SUM(G46:G49) -> 1868.4 | H50: =IFERROR(G50/F50,"") -> 0.10998093
B51: diff föreg V | E51: =IFERROR((E50-('V30'!E50))/('V30'!E50),"") -> -0.081196581 | F51: =IFERROR((F50-('V30'!F50))/('V30'!F50),"") -> -0.067391304 | G51: =IFERROR((G50-('V30'!G50))/('V30'!G50),"") -> 0.64471831 | H51: =IFERROR(H50-('V30'!H50),"") -> 0.04761817
B52: index | E52: =E50/$B$112 -> 0.010084428 | F52: =F50/$B$112 -> 0.79682927 | G52: =G50/$B$112 -> 0.087636023
B53: index diff % | E53: =IFERROR((E52-'V30'!E52)/'V30'!E52,"") -> -0.031248497 | F53: =IFERROR((F52-'V30'!F52)/'V30'!F52,"") -> -0.016692736 | G53: =IFERROR((G52-'V30'!G52)/'V30'!G52,"") -> 0.73412865
B54: Prestations Index | E54: =(E52 / AVERAGE('V25'!E52,'V26'!E52,'V27'!E52,'V28'!E52,'V29'!E52,'V30'!E52)) * 100 -> 87.732665 | F54: =(F52 / AVERAGE('V25'!F52,'V26'!F52,'V27'!F52,'V28'!F52,'V29'!F52,'V30'!F52)) * 100 -> 92.128514 | G54: =(G52 / AVERAGE('V25'!G52,'V26'!G52,'V27'!G52,'V28'!G52,'V29'!G52,'V30'!G52)) * 100 -> 203.87526 | H54: =IFERROR((G54*0.6)+(F54*0.4),"") -> 159.17656
A55: 6 | C55: Gavel 6 | D55: Vara | E55: Ant | F55: Förs | G55: BV | H55: B% | I55: idx antal | J55: idx förs | K55: idx BV
B56: KOMBI: 101692806 101692807 | C56: g61 | D56: Comfort 1,56L | E56: 195 | F56: 7948.2 | G56: 1708.2 | H56: =IFERROR(G56/F56,"") -> 0.21491658 | I56: =IFERROR(((E56/$B$112) / AVERAGE('V25'!E56/'V25'!$B$112, 'V26'!E56/'V26'!$B$112, 'V27'!E56/'V27'!$B$112, 'V28'!E56/'V28'!$B$112, 'V29'!E56/'V29'!$B$112, 'V30'!E56/'V30'!$B$112)) * 100,"") -> 97.021462 | J56: =IFERROR(((F56/$B$112) / AVERAGE('V25'!F56/'V25'!$B$112, 'V26'!F56/'V26'!$B$112, 'V27'!F56/'V27'!$B$112, 'V28'!F56/'V28'!$B$112, 'V29'!F56/'V29'!$B$112, 'V30'!F56/'V30'!$B$112)) * 100,"") -> 97.029752 | K56: =IFERROR(((G56/$B$112) / AVERAGE('V25'!G56/'V25'!$B$112, 'V26'!G56/'V26'!$B$112, 'V27'!G56/'V27'!$B$112, 'V28'!G56/'V28'!$B$112, 'V29'!G56/'V29'!$B$112, 'V30'!G56/'V30'!$B$112)) * 100,"") -> 97.060045
C57: g62
C58: g63
C59: g64
C60: total | E60: =SUM(E56:E59) -> 195 | F60: =SUM(F56:F59) -> 7948.2 | G60: =SUM(G56:G59) -> 1708.2 | H60: =IFERROR(G60/F60,"") -> 0.21491658
B61: diff föreg V | E61: =IFERROR((E60-('V30'!E60))/('V30'!E60),"") -> -0.20408163 | F61: =IFERROR((F60-('V30'!F60))/('V30'!F60),"") -> -0.20391901 | G61: =IFERROR((G60-('V30'!G60))/('V30'!G60),"") -> -0.20332438 | H61: =IFERROR(H60-('V30'!H60),"") -> 0.00016041111
B62: index | E62: =E60/$B$112 -> 0.0091463415 | F62: =F60/$B$112 -> 0.37280488 | G62: =G60/$B$112 -> 0.080121951
B63: index diff % | E63: =IFERROR((E62-'V30'!E62)/'V30'!E62,"") -> -0.16081384 | F63: =IFERROR((F62-'V30'!F62)/'V30'!F62,"") -> -0.16064237 | G63: =IFERROR((G62-'V30'!G62)/'V30'!G62,"") -> -0.16001542
B64: Prestations Index | E64: =(E62 / AVERAGE('V25'!E62,'V26'!E62,'V27'!E62,'V28'!E62,'V29'!E62,'V30'!E62)) * 100 -> 97.021462 | F64: =(F62 / AVERAGE('V25'!F62,'V26'!F62,'V27'!F62,'V28'!F62,'V29'!F62,'V30'!F62)) * 100 -> 97.029752 | G64: =(G62 / AVERAGE('V25'!G62,'V26'!G62,'V27'!G62,'V28'!G62,'V29'!G62,'V30'!G62)) * 100 -> 97.060045 | H64: =IFERROR((G64*0.6)+(F64*0.4),"") -> 97.047927
A65: 7 | C65: Gavel 7 | D65: Vara | E65: Ant | F65: Förs | G65: BV | H65: B% | I65: idx antal | J65: idx förs | K65: idx BV
B66: KOMBI: 101648242 101648245 | C66: g71 | D66: CIF Cream 750ML | E66: 152 | F66: 3155.52 | G66: 731.12 | H66: =IFERROR(G66/F66,"") -> 0.23169557 | I66: =IFERROR(((E66/$B$112) / AVERAGE('V25'!E66/'V25'!$B$112, 'V26'!E66/'V26'!$B$112, 'V27'!E66/'V27'!$B$112, 'V28'!E66/'V28'!$B$112, 'V29'!E66/'V29'!$B$112, 'V30'!E66/'V30'!$B$112)) * 100,"") -> 118.13292 | J66: =IFERROR(((F66/$B$112) / AVERAGE('V25'!F66/'V25'!$B$112, 'V26'!F66/'V26'!$B$112, 'V27'!F66/'V27'!$B$112, 'V28'!F66/'V28'!$B$112, 'V29'!F66/'V29'!$B$112, 'V30'!F66/'V30'!$B$112)) * 100,"") -> 118.21664 | K66: =IFERROR(((G66/$B$112) / AVERAGE('V25'!G66/'V25'!$B$112, 'V26'!G66/'V26'!$B$112, 'V27'!G66/'V27'!$B$112, 'V28'!G66/'V28'!$B$112, 'V29'!G66/'V29'!$B$112, 'V30'!G66/'V30'!$B$112)) * 100,"") -> 118.49509
C67: g72
C68: g73
C69: g74
C70: total | E70: =SUM(E66:E69) -> 152 | F70: =SUM(F66:F69) -> 3155.52 | G70: =SUM(G66:G69) -> 731.12 | H70: =IFERROR(G70/F70,"") -> 0.23169557
B71: diff föreg V | E71: =IFERROR((E70-('V30'!E70))/('V30'!E70),"") -> 0.12592593 | F71: =IFERROR((F70-('V30'!F70))/('V30'!F70),"") -> 0.12592593 | G71: =IFERROR((G70-('V30'!G70))/('V30'!G70),"") -> 0.12592593 | H71: =IFERROR(H70-('V30'!H70),"") -> -2.7755576e-17
B72: index | E72: =E70/$B$112 -> 0.0071294559 | F72: =F70/$B$112 -> 0.1480075 | G72: =G70/$B$112 -> 0.034292683
B73: index diff % | E73: =IFERROR((E72-'V30'!E72)/'V30'!E72,"") -> 0.18713363 | F73: =IFERROR((F72-'V30'!F72)/'V30'!F72,"") -> 0.18713363 | G73: =IFERROR((G72-'V30'!G72)/'V30'!G72,"") -> 0.18713363
B74: Prestations Index | E74: =(E72 / AVERAGE('V25'!E72,'V26'!E72,'V27'!E72,'V28'!E72,'V29'!E72,'V30'!E72)) * 100 -> 118.13292 | F74: =(F72 / AVERAGE('V25'!F72,'V26'!F72,'V27'!F72,'V28'!F72,'V29'!F72,'V30'!F72)) * 100 -> 118.21664 | G74: =(G72 / AVERAGE('V25'!G72,'V26'!G72,'V27'!G72,'V28'!G72,'V29'!G72,'V30'!G72)) * 100 -> 118.49509 | H74: =IFERROR((G74*0.6)+(F74*0.4),"") -> 118.38371
A75: 8 | C75: Gavel 8 | D75: Vara | E75: Ant | F75: Förs | G75: BV | H75: B% | I75: idx antal | J75: idx förs | K75: idx BV
B76: 101737137 | C76: g81 | D76: CIF DISKMEDEL | E76: 51 | F76: 1628.38 | G76: 353.38 | H76: =IFERROR(G76/F76,"") -> 0.21701323 | I76: =IFERROR(((E76/$B$112) / AVERAGE('V25'!E76/'V25'!$B$112, 'V26'!E76/'V26'!$B$112, 'V27'!E76/'V27'!$B$112, 'V28'!E76/'V28'!$B$112, 'V29'!E76/'V29'!$B$112, 'V30'!E76/'V30'!$B$112)) * 100,"") -> 91.747743 | J76: =IFERROR(((F76/$B$112) / AVERAGE('V25'!F76/'V25'!$B$112, 'V26'!F76/'V26'!$B$112, 'V27'!F76/'V27'!$B$112, 'V28'!F76/'V28'!$B$112, 'V29'!F76/'V29'!$B$112, 'V30'!F76/'V30'!$B$112)) * 100,"") -> 91.767506 | K76: =IFERROR(((G76/$B$112) / AVERAGE('V25'!G76/'V25'!$B$112, 'V26'!G76/'V26'!$B$112, 'V27'!G76/'V27'!$B$112, 'V28'!G76/'V28'!$B$112, 'V29'!G76/'V29'!$B$112, 'V30'!G76/'V30'!$B$112)) * 100,"") -> 91.838879
C77: g82
C78: g83
C79: g84
C80: total | E80: =SUM(E76:E79) -> 51 | F80: =SUM(F76:F79) -> 1628.38 | G80: =SUM(G76:G79) -> 353.38 | H80: =IFERROR(G80/F80,"") -> 0.21701323
B81: diff föreg V | E81: =IFERROR((E80-('V30'!E80))/('V30'!E80),"") -> -0.12068966 | F81: =IFERROR((F80-('V30'!F80))/('V30'!F80),"") -> -0.12078312 | G81: =IFERROR((G80-('V30'!G80))/('V30'!G80),"") -> -0.12112018 | H81: =IFERROR(H80-('V30'!H80),"") -> -8.3225846e-05
B82: index | E82: =E80/$B$112 -> 0.0023921201 | F82: =F80/$B$112 -> 0.076378049 | G82: =G80/$B$112 -> 0.016575047
B83: index diff % | E83: =IFERROR((E82-'V30'!E82)/'V30'!E82,"") -> -0.072888497 | F83: =IFERROR((F82-'V30'!F82)/'V30'!F82,"") -> -0.072987042 | G83: =IFERROR((G82-'V30'!G82)/'V30'!G82,"") -> -0.073342421
B84: Prestations Index | E84: =(E82 / AVERAGE('V25'!E82,'V26'!E82,'V27'!E82,'V28'!E82,'V29'!E82,'V30'!E82)) * 100 -> 91.747743 | F84: =(F82 / AVERAGE('V25'!F82,'V26'!F82,'V27'!F82,'V28'!F82,'V29'!F82,'V30'!F82)) * 100 -> 91.767506 | G84: =(G82 / AVERAGE('V25'!G82,'V26'!G82,'V27'!G82,'V28'!G82,'V29'!G82,'V30'!G82)) * 100 -> 91.838879 | H84: =IFERROR((G84*0.6)+(F84*0.4),"") -> 91.810329
A85: 9 | C85: Gavel 9 | D85: Vara | E85: Ant | F85: Förs | G85: BV | H85: B% | I85: idx antal | J85: idx förs | K85: idx BV
B86: 101768879 | C86: g91 | D86: HANDDISKMEDEL | E86: 237 | F86: 8532 | G86: 1426.74 | H86: =IFERROR(G86/F86,"") -> 0.16722222 | I86: =IFERROR(((E86/$B$112) / AVERAGE('V25'!E86/'V25'!$B$112, 'V26'!E86/'V26'!$B$112, 'V27'!E86/'V27'!$B$112, 'V28'!E86/'V28'!$B$112, 'V29'!E86/'V29'!$B$112, 'V30'!E86/'V30'!$B$112)) * 100,"") -> 100.58028 | J86: =IFERROR(((F86/$B$112) / AVERAGE('V25'!F86/'V25'!$B$112, 'V26'!F86/'V26'!$B$112, 'V27'!F86/'V27'!$B$112, 'V28'!F86/'V28'!$B$112, 'V29'!F86/'V29'!$B$112, 'V30'!F86/'V30'!$B$112)) * 100,"") -> 100.59112 | K86: =IFERROR(((G86/$B$112) / AVERAGE('V25'!G86/'V25'!$B$112, 'V26'!G86/'V26'!$B$112, 'V27'!G86/'V27'!$B$112, 'V28'!G86/'V28'!$B$112, 'V29'!G86/'V29'!$B$112, 'V30'!G86/'V30'!$B$112)) * 100,"") -> 99.248186
C87: g92
C88: g93
C89: g94
C90: total | E90: =SUM(E86:E89) -> 237 | F90: =SUM(F86:F89) -> 8532 | G90: =SUM(G86:G89) -> 1426.74 | H90: =IFERROR(G90/F90,"") -> 0.16722222
B91: diff föreg V | E91: =IFERROR((E90-('V30'!E90))/('V30'!E90),"") -> 0.0085106383 | F91: =IFERROR((F90-('V30'!F90))/('V30'!F90),"") -> 0.0085106383 | G91: =IFERROR((G90-('V30'!G90))/('V30'!G90),"") -> 0.0085106383 | H91: =IFERROR(H90-('V30'!H90),"") -> 0
B92: index | E92: =E90/$B$112 -> 0.011116323 | F92: =F90/$B$112 -> 0.40018762 | G92: =G90/$B$112 -> 0.066920263
B93: index diff % | E93: =IFERROR((E92-'V30'!E92)/'V30'!E92,"") -> 0.063335396 | F93: =IFERROR((F92-'V30'!F92)/'V30'!F92,"") -> 0.063335396 | G93: =IFERROR((G92-'V30'!G92)/'V30'!G92,"") -> 0.063335396
B94: Prestations Index | E94: =(E92 / AVERAGE('V25'!E92,'V26'!E92,'V27'!E92,'V28'!E92,'V29'!E92,'V30'!E92)) * 100 -> 100.58028 | F94: =(F92 / AVERAGE('V25'!F92,'V26'!F92,'V27'!F92,'V28'!F92,'V29'!F92,'V30'!F92)) * 100 -> 100.59112 | G94: =(G92 / AVERAGE('V25'!G92,'V26'!G92,'V27'!G92,'V28'!G92,'V29'!G92,'V30'!G92)) * 100 -> 99.248186 | H94: =IFERROR((G94*0.6)+(F94*0.4),"") -> 99.785358
A95: 10 | C95: Gavel 10 | D95: Vara | E95: Ant | F95: Förs | G95: BV | H95: B% | I95: idx antal | J95: idx förs | K95: idx BV
B96: KOMBI: 101767745 101887812 101765859 | C96: g101 | D96: Zalo Lav & Cherry | E96: 295 | F96: 10620 | G96: 1775.9 | H96: =IFERROR(G96/F96,"") -> 0.16722222 | I96: =IFERROR(((E96/$B$112) / AVERAGE('V25'!E96/'V25'!$B$112, 'V26'!E96/'V26'!$B$112, 'V27'!E96/'V27'!$B$112, 'V28'!E96/'V28'!$B$112, 'V29'!E96/'V29'!$B$112, 'V30'!E96/'V30'!$B$112)) * 100,"") -> 100.97946 | J96: =IFERROR(((F96/$B$112) / AVERAGE('V25'!F96/'V25'!$B$112, 'V26'!F96/'V26'!$B$112, 'V27'!F96/'V27'!$B$112, 'V28'!F96/'V28'!$B$112, 'V29'!F96/'V29'!$B$112, 'V30'!F96/'V30'!$B$112)) * 100,"") -> 100.99499 | K96: =IFERROR(((G96/$B$112) / AVERAGE('V25'!G96/'V25'!$B$112, 'V26'!G96/'V26'!$B$112, 'V27'!G96/'V27'!$B$112, 'V28'!G96/'V28'!$B$112, 'V29'!G96/'V29'!$B$112, 'V30'!G96/'V30'!$B$112)) * 100,"") -> 99.725362
C97: g102
C98: g103
C99: g104
C100: total | E100: =SUM(E96:E99) -> 295 | F100: =SUM(F96:F99) -> 10620 | G100: =SUM(G96:G99) -> 1775.9 | H100: =IFERROR(G100/F100,"") -> 0.16722222
B101: diff föreg V | E101: =IFERROR((E100-('V30'!E100))/('V30'!E100),"") -> -0.019933555 | F101: =IFERROR((F100-('V30'!F100))/('V30'!F100),"") -> -0.019607843 | G101: =IFERROR((G100-('V30'!G100))/('V30'!G100),"") -> -0.017982548 | H101: =IFERROR(H100-('V30'!H100),"") -> 0.00027676231
...

Sheet V32
A1: RANKING-APP
C3: vecka 32
C4: Vecka 32 | I4: 32 | J4: mot historik
A5: 1 | C5: Gavel 1 | D5: Vara | E5: Ant | F5: Förs | G5: BV | H5: B% | I5: idx antal | J5: idx förs | K5: idx BV
B6: KOMBI: 101712096 101625435 | C6: g11 | D6: A+ Cherry blossom | E6: 174 | F6: 12517.44 | G6: 3121.44 | H6: =IFERROR(G6/F6,"") -> 0.24936728 | I6: =IFERROR(((E6/$B$112) / AVERAGE('V25'!E6/'V25'!$B$112, 'V26'!E6/'V26'!$B$112, 'V27'!E6/'V27'!$B$112, 'V28'!E6/'V28'!$B$112, 'V29'!E6/'V29'!$B$112, 'V30'!E6/'V30'!$B$112, 'V31'!E6/'V31'!$B$112)) * 100,"") -> 133.57868 | J6: =IFERROR(((F6/$B$112) / AVERAGE('V25'!F6/'V25'!$B$112, 'V26'!F6/'V26'!$B$112, 'V27'!F6/'V27'!$B$112, 'V28'!F6/'V28'!$B$112, 'V29'!F6/'V29'!$B$112, 'V30'!F6/'V30'!$B$112, 'V31'!F6/'V31'!$B$112)) * 100,"") -> 133.89472 | K6: =IFERROR(((G6/$B$112) / AVERAGE('V25'!G6/'V25'!$B$112, 'V26'!G6/'V26'!$B$112, 'V27'!G6/'V27'!$B$112, 'V28'!G6/'V28'!$B$112, 'V29'!G6/'V29'!$B$112, 'V30'!G6/'V30'!$B$112, 'V31'!G6/'V31'!$B$112)) * 100,"") -> 139.38897
C7: g12
C8: g13
C9: g14
C10: total | E10: =SUM(E6:E9) -> 174 | F10: =SUM(F6:F9) -> 12517.44 | G10: =SUM(G6:G9) -> 3121.44 | H10: =IFERROR(G10/F10,"") -> 0.24936728
B11: diff föreg V | E11: =IFERROR((E10-('V31'!E10))/('V31'!E10),"") -> -0.12562814 | F11: =IFERROR((F10-('V31'!F10))/('V31'!F10),"") -> -0.12587954 | G11: =IFERROR((G10-('V31'!G10))/('V31'!G10),"") -> -0.1266354 | H11: =IFERROR(H10-('V31'!H10),"") -> -0.00021581896
B12: index | E12: =E10/$B$112 -> 0.0093112859 | F12: =F10/$B$112 -> 0.66984749 | G12: =G10/$B$112 -> 0.16703805
B13: index diff % | E13: =IFERROR((E12-'V31'!E12)/'V31'!E12,"") -> -0.0024290662 | F13: =IFERROR((F12-'V31'!F12)/'V31'!F12,"") -> -0.0027158838 | G13: =IFERROR((G12-'V31'!G12)/'V31'!G12,"") -> -0.0035782532
B14: Prestations Index | E14: =(E12 / AVERAGE('V25'!E12,'V26'!E12,'V27'!E12,'V28'!E12,'V29'!E12,'V30'!E12,'V31'!E12)) * 100 -> 133.57868 | F14: =(F12 / AVERAGE('V25'!F12,'V26'!F12,'V27'!F12,'V28'!F12,'V29'!F12,'V30'!F12,'V31'!F12)) * 100 -> 133.89472 | G14: =(G12 / AVERAGE('V25'!G12,'V26'!G12,'V27'!G12,'V28'!G12,'V29'!G12,'V30'!G12,'V31'!G12)) * 100 -> 139.38897 | H14: =IFERROR((G14*0.6)+(F14*0.4),"") -> 137.19127
A15: 2 | C15: Gavel 2 | D15: Vara | E15: Ant | F15: Förs | G15: BV | H15: B% | I15: idx antal | J15: idx förs | K15: idx BV
B16: KOMBI: 101595376 101595377 101595375 101547828 | C16: g21 | D16: CIF spray 750ml | E16: 170 | F16: 3393.2 | G16: 681.7 | H16: =IFERROR(G16/F16,"") -> 0.2009018 | I16: =IFERROR(((E16/$B$112) / AVERAGE('V25'!E16/'V25'!$B$112, 'V26'!E16/'V26'!$B$112, 'V27'!E16/'V27'!$B$112, 'V28'!E16/'V28'!$B$112, 'V29'!E16/'V29'!$B$112, 'V30'!E16/'V30'!$B$112, 'V31'!E16/'V31'!$B$112)) * 100,"") -> 102.07754 | J16: =IFERROR(((F16/$B$112) / AVERAGE('V25'!F16/'V25'!$B$112, 'V26'!F16/'V26'!$B$112, 'V27'!F16/'V27'!$B$112, 'V28'!F16/'V28'!$B$112, 'V29'!F16/'V29'!$B$112, 'V30'!F16/'V30'!$B$112, 'V31'!F16/'V31'!$B$112)) * 100,"") -> 101.4187 | K16: =IFERROR(((G16/$B$112) / AVERAGE('V25'!G16/'V25'!$B$112, 'V26'!G16/'V26'!$B$112, 'V27'!G16/'V27'!$B$112, 'V28'!G16/'V28'!$B$112, 'V29'!G16/'V29'!$B$112, 'V30'!G16/'V30'!$B$112, 'V31'!G16/'V31'!$B$112)) * 100,"") -> 100.25955
C17: g22
C18: g23
C19: g24
C20: total | E20: =SUM(E16:E19) -> 170 | F20: =SUM(F16:F19) -> 3393.2 | G20: =SUM(G16:G19) -> 681.7 | H20: =IFERROR(G20/F20,"") -> 0.2009018
B21: diff föreg V | E21: =IFERROR((E20-('V31'!E20))/('V31'!E20),"") -> 0.075949367 | F21: =IFERROR((F20-('V31'!F20))/('V31'!F20),"") -> 0.075949367 | G21: =IFERROR((G20-('V31'!G20))/('V31'!G20),"") -> 0.13299428 | H21: =IFERROR(H20-('V31'!H20),"") -> 0.010115167
B22: index | E22: =E20/$B$112 -> 0.0090972334 | F22: =F20/$B$112 -> 0.18158078 | G22: =G20/$B$112 -> 0.036479906
B23: index diff % | E23: =IFERROR((E22-'V31'!E22)/'V31'!E22,"") -> 0.22755073 | F23: =IFERROR((F22-'V31'!F22)/'V31'!F22,"") -> 0.22755073 | G23: =IFERROR((G22-'V31'!G22)/'V31'!G22,"") -> 0.29263328
B24: Prestations Index | E24: =(E22 / AVERAGE('V25'!E22,'V26'!E22,'V27'!E22,'V28'!E22,'V29'!E22,'V30'!E22,'V31'!E22)) * 100 -> 102.07754 | F24: =(F22 / AVERAGE('V25'!F22,'V26'!F22,'V27'!F22,'V28'!F22,'V29'!F22,'V30'!F22,'V31'!F22)) * 100 -> 101.4187 | G24: =(G22 / AVERAGE('V25'!G22,'V26'!G22,'V27'!G22,'V28'!G22,'V29'!G22,'V30'!G22,'V31'!G22)) * 100 -> 100.25955 | H24: =IFERROR((G24*0.6)+(F24*0.4),"") -> 100.72321
A25: 3 | C25: Gavel 3 | D25: Vara | E25: Ant | F25: Förs | G25: BV | H25: B% | I25: idx antal | J25: idx förs | K25: idx BV
B26: 101648059 | C26: g31 | D26: PK SOF SKÖLJ OUTDFR1300ML | E26: 604 | F26: 14274.76 | G26: 3074.74 | H26: =IFERROR(G26/F26,"") -> 0.21539697 | I26: =IFERROR(((E26/$B$112) / AVERAGE('V25'!E26/'V25'!$B$112, 'V26'!E26/'V26'!$B$112, 'V27'!E26/'V27'!$B$112, 'V28'!E26/'V28'!$B$112, 'V29'!E26/'V29'!$B$112, 'V30'!E26/'V30'!$B$112, 'V31'!E26/'V31'!$B$112)) * 100,"") -> 108.89703 | J26: =IFERROR(((F26/$B$112) / AVERAGE('V25'!F26/'V25'!$B$112, 'V26'!F26/'V26'!$B$112, 'V27'!F26/'V27'!$B$112, 'V28'!F26/'V28'!$B$112, 'V29'!F26/'V29'!$B$112, 'V30'!F26/'V30'!$B$112, 'V31'!F26/'V31'!$B$112)) * 100,"") -> 108.93894 | K26: =IFERROR(((G26/$B$112) / AVERAGE('V25'!G26/'V25'!$B$112, 'V26'!G26/'V26'!$B$112, 'V27'!G26/'V27'!$B$112, 'V28'!G26/'V28'!$B$112, 'V29'!G26/'V29'!$B$112, 'V30'!G26/'V30'!$B$112, 'V31'!G26/'V31'!$B$112)) * 100,"") -> 106.05421
C27: g32
C28: g33
C29: g34
C30: total | E30: =SUM(E26:E29) -> 604 | F30: =SUM(F26:F29) -> 14274.76 | G30: =SUM(G26:G29) -> 3074.74 | H30: =IFERROR(G30/F30,"") -> 0.21539697
B31: diff föreg V | E31: =IFERROR((E30-('V31'!E30))/('V31'!E30),"") -> -0.15168539 | F31: =IFERROR((F30-('V31'!F30))/('V31'!F30),"") -> -0.1511991 | G31: =IFERROR((G30-('V31'!G30))/('V31'!G30),"") -> -0.17850082 | H31: =IFERROR(H30-('V31'!H30),"") -> -0.0071585054
B32: index | E32: =E30/$B$112 -> 0.032321935 | F32: =F30/$B$112 -> 0.76388719 | G32: =G30/$B$112 -> 0.16453898
B33: index diff % | E33: =IFERROR((E32-'V31'!E32)/'V31'!E32,"") -> -0.032157788 | F33: =IFERROR((F32-'V31'!F32)/'V31'!F32,"") -> -0.03160298 | G33: =IFERROR((G32-'V31'!G32)/'V31'!G32,"") -> -0.062751508
B34: Prestations Index | E34: =(E32 / AVERAGE('V25'!E32,'V26'!E32,'V27'!E32,'V28'!E32,'V29'!E32,'V30'!E32,'V31'!E32)) * 100 -> 108.89703 | F34: =(F32 / AVERAGE('V25'!F32,'V26'!F32,'V27'!F32,'V28'!F32,'V29'!F32,'V30'!F32,'V31'!F32)) * 100 -> 108.93894 | G34: =(G32 / AVERAGE('V25'!G32,'V26'!G32,'V27'!G32,'V28'!G32,'V29'!G32,'V30'!G32,'V31'!G32)) * 100 -> 106.05421 | H34: =IFERROR((G34*0.6)+(F34*0.4),"") -> 107.2081
A35: 4 | C35: Gavel 4 | D35: Vara | E35: Ant | F35: Förs | G35: BV | H35: B% | I35: idx antal | J35: idx förs | K35: idx BV
B36: KOMBI: 101648050 101625436 | C36: g41 | D36: Softlan Appear & Van | E36: 458 | F36: 10820 | G36: 2414.3 | H36: =IFERROR(G36/F36,"") -> 0.22313309 | I36: =IFERROR(((E36/$B$112) / AVERAGE('V25'!E36/'V25'!$B$112, 'V26'!E36/'V26'!$B$112, 'V27'!E36/'V27'!$B$112, 'V28'!E36/'V28'!$B$112, 'V29'!E36/'V29'!$B$112, 'V30'!E36/'V30'!$B$112, 'V31'!E36/'V31'!$B$112)) * 100,"") -> 92.188871 | J36: =IFERROR(((F36/$B$112) / AVERAGE('V25'!F36/'V25'!$B$112, 'V26'!F36/'V26'!$B$112, 'V27'!F36/'V27'!$B$112, 'V28'!F36/'V28'!$B$112, 'V29'!F36/'V29'!$B$112, 'V30'!F36/'V30'!$B$112, 'V31'!F36/'V31'!$B$112)) * 100,"") -> 92.197422 | K36: =IFERROR(((G36/$B$112) / AVERAGE('V25'!G36/'V25'!$B$112, 'V26'!G36/'V26'!$B$112, 'V27'!G36/'V27'!$B$112, 'V28'!G36/'V28'!$B$112, 'V29'!G36/'V29'!$B$112, 'V30'!G36/'V30'!$B$112, 'V31'!G36/'V31'!$B$112)) * 100,"") -> 92.079736
C37: g42
C38: g43
C39: g44
C40: total | E40: =SUM(E36:E39) -> 458 | F40: =SUM(F36:F39) -> 10820 | G40: =SUM(G36:G39) -> 2414.3 | H40: =IFERROR(G40/F40,"") -> 0.22313309
B41: diff föreg V | E41: =IFERROR((E40-('V31'!E40))/('V31'!E40),"") -> -0.080321285 | F41: =IFERROR((F40-('V31'!F40))/('V31'!F40),"") -> -0.080110319 | G41: =IFERROR((G40-('V31'!G40))/('V31'!G40),"") -> -0.081085813 | H41: =IFERROR(H40-('V31'!H40),"") -> -0.00023687201
B42: index | E42: =E40/$B$112 -> 0.024509017 | F42: =F40/$B$112 -> 0.57901215 | G42: =G40/$B$112 -> 0.12919677
B43: index diff % | E43: =IFERROR((E42-'V31'!E42)/'V31'!E42,"") -> 0.049261529 | F43: =IFERROR((F42-'V31'!F42)/'V31'!F42,"") -> 0.049502221 | G43: =IFERROR((G42-'V31'!G42)/'V31'!G42,"") -> 0.04838928
B44: Prestations Index | E44: =(E42 / AVERAGE('V25'!E42,'V26'!E42,'V27'!E42,'V28'!E42,'V29'!E42,'V30'!E42,'V31'!E42)) * 100 -> 92.188871 | F44: =(F42 / AVERAGE('V25'!F42,'V26'!F42,'V27'!F42,'V28'!F42,'V29'!F42,'V30'!F42,'V31'!F42)) * 100 -> 92.197422 | G44: =(G42 / AVERAGE('V25'!G42,'V26'!G42,'V27'!G42,'V28'!G42,'V29'!G42,'V30'!G42,'V31'!G42)) * 100 -> 92.079736 | H44: =IFERROR((G44*0.6)+(F44*0.4),"") -> 92.12681
A45: 5 | C45: Gavel 5 | D45: Vara | E45: Ant | F45: Förs | G45: BV | H45: B% | I45: idx antal | J45: idx förs | K45: idx BV
B46: 101440122 | C46: g51 | D46: OMO OMO 2,6 LITER FLYTANDE TVÄTT 2,6 | E46: 182 | F46: 14374.8 | G46: 1634.8 | H46: =IFERROR(G46/F46,"") -> 0.1137268 | I46: =IFERROR(((E46/$B$112) / AVERAGE('V25'!E46/'V25'!$B$112, 'V26'!E46/'V26'!$B$112, 'V27'!E46/'V27'!$B$112, 'V28'!E46/'V28'!$B$112, 'V29'!E46/'V29'!$B$112, 'V30'!E46/'V30'!$B$112, 'V31'!E46/'V31'!$B$112)) * 100,"") -> 86.242284 | J46: =IFERROR(((F46/$B$112) / AVERAGE('V25'!F46/'V25'!$B$112, 'V26'!F46/'V26'!$B$112, 'V27'!F46/'V27'!$B$112, 'V28'!F46/'V28'!$B$112, 'V29'!F46/'V29'!$B$112, 'V30'!F46/'V30'!$B$112, 'V31'!F46/'V31'!$B$112)) * 100,"") -> 89.950237 | K46: =IFERROR(((G46/$B$112) / AVERAGE('V25'!G46/'V25'!$B$112, 'V26'!G46/'V26'!$B$112, 'V27'!G46/'V27'!$B$112, 'V28'!G46/'V28'!$B$112, 'V29'!G46/'V29'!$B$112, 'V30'!G46/'V30'!$B$112, 'V31'!G46/'V31'!$B$112)) * 100,"") -> 177.22145
C47: g52
C48: g53
C49: g54
C50: total | E50: =SUM(E46:E49) -> 182 | F50: =SUM(F46:F49) -> 14374.8 | G50: =SUM(G46:G49) -> 1634.8 | H50: =IFERROR(G50/F50,"") -> 0.1137268
B51: diff föreg V | E51: =IFERROR((E50-('V31'!E50))/('V31'!E50),"") -> -0.15348837 | F51: =IFERROR((F50-('V31'!F50))/('V31'!F50),"") -> -0.15384615 | G51: =IFERROR((G50-('V31'!G50))/('V31'!G50),"") -> -0.12502676 | H51: =IFERROR(H50-('V31'!H50),"") -> 0.0037458715
B52: index | E52: =E50/$B$112 -> 0.009739391 | F52: =F50/$B$112 -> 0.76924065 | G52: =G50/$B$112 -> 0.087483277
B53: index diff % | E53: =IFERROR((E52-'V31'!E52)/'V31'!E52,"") -> -0.034214807 | F53: =IFERROR((F52-'V31'!F52)/'V31'!F52,"") -> -0.034623 | G53: =IFERROR((G52-'V31'!G52)/'V31'!G52,"") -> -0.0017429519
B54: Prestations Index | E54: =(E52 / AVERAGE('V25'!E52,'V26'!E52,'V27'!E52,'V28'!E52,'V29'!E52,'V30'!E52,'V31'!E52)) * 100 -> 86.242284 | F54: =(F52 / AVERAGE('V25'!F52,'V26'!F52,'V27'!F52,'V28'!F52,'V29'!F52,'V30'!F52,'V31'!F52)) * 100 -> 89.950237 | G54: =(G52 / AVERAGE('V25'!G52,'V26'!G52,'V27'!G52,'V28'!G52,'V29'!G52,'V30'!G52,'V31'!G52)) * 100 -> 177.22145 | H54: =IFERROR((G54*0.6)+(F54*0.4),"") -> 142.31297
A55: 6 | C55: Gavel 6 | D55: Vara | E55: Ant | F55: Förs | G55: BV | H55: B% | I55: idx antal | J55: idx förs | K55: idx BV
B56: KOMBI: 101692806 101692807 | C56: g61 | D56: Comfort 1,56L | E56: 216 | F56: 8804.16 | G56: 1892.16 | H56: =IFERROR(G56/F56,"") -> 0.21491658 | I56: =IFERROR(((E56/$B$112) / AVERAGE('V25'!E56/'V25'!$B$112, 'V26'!E56/'V26'!$B$112, 'V27'!E56/'V27'!$B$112, 'V28'!E56/'V28'!$B$112, 'V29'!E56/'V29'!$B$112, 'V30'!E56/'V30'!$B$112, 'V31'!E56/'V31'!$B$112)) * 100,"") -> 123.1364 | J56: =IFERROR(((F56/$B$112) / AVERAGE('V25'!F56/'V25'!$B$112, 'V26'!F56/'V26'!$B$112, 'V27'!F56/'V27'!$B$112, 'V28'!F56/'V28'!$B$112, 'V29'!F56/'V29'!$B$112, 'V30'!F56/'V30'!$B$112, 'V31'!F56/'V31'!$B$112)) * 100,"") -> 123.14546 | K56: =IFERROR(((G56/$B$112) / AVERAGE('V25'!G56/'V25'!$B$112, 'V26'!G56/'V26'!$B$112, 'V27'!G56/'V27'!$B$112, 'V28'!G56/'V28'!$B$112, 'V29'!G56/'V29'!$B$112, 'V30'!G56/'V30'!$B$112, 'V31'!G56/'V31'!$B$112)) * 100,"") -> 123.17855
C57: g62
C58: g63
C59: g64
C60: total | E60: =SUM(E56:E59) -> 216 | F60: =SUM(F56:F59) -> 8804.16 | G60: =SUM(G56:G59) -> 1892.16 | H60: =IFERROR(G60/F60,"") -> 0.21491658
B61: diff föreg V | E61: =IFERROR((E60-('V31'!E60))/('V31'!E60),"") -> 0.10769231 | F61: =IFERROR((F60-('V31'!F60))/('V31'!F60),"") -> 0.10769231 | G61: =IFERROR((G60-('V31'!G60))/('V31'!G60),"") -> 0.10769231 | H61: =IFERROR(H60-('V31'!H60),"") -> 0
B62: index | E62: =E60/$B$112 -> 0.011558838 | F62: =F60/$B$112 -> 0.47113822 | G62: =G60/$B$112 -> 0.10125542
B63: index diff % | E63: =IFERROR((E62-'V31'!E62)/'V31'!E62,"") -> 0.26376625 | F63: =IFERROR((F62-'V31'!F62)/'V31'!F62,"") -> 0.26376625 | G63: =IFERROR((G62-'V31'!G62)/'V31'!G62,"") -> 0.26376625
B64: Prestations Index | E64: =(E62 / AVERAGE('V25'!E62,'V26'!E62,'V27'!E62,'V28'!E62,'V29'!E62,'V30'!E62,'V31'!E62)) * 100 -> 123.1364 | F64: =(F62 / AVERAGE('V25'!F62,'V26'!F62,'V27'!F62,'V28'!F62,'V29'!F62,'V30'!F62,'V31'!F62)) * 100 -> 123.14546 | G64: =(G62 / AVERAGE('V25'!G62,'V26'!G62,'V27'!G62,'V28'!G62,'V29'!G62,'V30'!G62,'V31'!G62)) * 100 -> 123.17855 | H64: =IFERROR((G64*0.6)+(F64*0.4),"") -> 123.16531
A65: 7 | C65: Gavel 7 | D65: Vara | E65: Ant | F65: Förs | G65: BV | H65: B% | I65: idx antal | J65: idx förs | K65: idx BV
B66: KOMBI: 101648242 101648245 | C66: g71 | D66: CIF Cream 750ML | E66: 150 | F66: 3114 | G66: 721.5 | H66: =IFERROR(G66/F66,"") -> 0.23169557 | I66: =IFERROR(((E66/$B$112) / AVERAGE('V25'!E66/'V25'!$B$112, 'V26'!E66/'V26'!$B$112, 'V27'!E66/'V27'!$B$112, 'V28'!E66/'V28'!$B$112, 'V29'!E66/'V29'!$B$112, 'V30'!E66/'V30'!$B$112, 'V31'!E66/'V31'!$B$112)) * 100,"") -> 129.64609 | J66: =IFERROR(((F66/$B$112) / AVERAGE('V25'!F66/'V25'!$B$112, 'V26'!F66/'V26'!$B$112, 'V27'!F66/'V27'!$B$112, 'V28'!F66/'V28'!$B$112, 'V29'!F66/'V29'!$B$112, 'V30'!F66/'V30'!$B$112, 'V31'!F66/'V31'!$B$112)) * 100,"") -> 129.72285 | K66: =IFERROR(((G66/$B$112) / AVERAGE('V25'!G66/'V25'!$B$112, 'V26'!G66/'V26'!$B$112, 'V27'!G66/'V27'!$B$112, 'V28'!G66/'V28'!$B$112, 'V29'!G66/'V29'!$B$112, 'V30'!G66/'V30'!$B$112, 'V31'!G66/'V31'!$B$112)) * 100,"") -> 129.978
C67: g72
C68: g73
C69: g74
C70: total | E70: =SUM(E66:E69) -> 150 | F70: =SUM(F66:F69) -> 3114 | G70: =SUM(G66:G69) -> 721.5 | H70: =IFERROR(G70/F70,"") -> 0.23169557
B71: diff föreg V | E71: =IFERROR((E70-('V31'!E70))/('V31'!E70),"") -> -0.013157895 | F71: =IFERROR((F70-('V31'!F70))/('V31'!F70),"") -> -0.013157895 | G71: =IFERROR((G70-('V31'!G70))/('V31'!G70),"") -> -0.013157895 | H71: =IFERROR(H70-('V31'!H70),"") -> 0
B72: index | E72: =E70/$B$112 -> 0.0080269706 | F72: =F70/$B$112 -> 0.16663991 | G72: =G70/$B$112 -> 0.038609729
B73: index diff % | E73: =IFERROR((E72-'V31'!E72)/'V31'!E72,"") -> 0.12588825 | F73: =IFERROR((F72-'V31'!F72)/'V31'!F72,"") -> 0.12588825 | G73: =IFERROR((G72-'V31'!G72)/'V31'!G72,"") -> 0.12588825
B74: Prestations Index | E74: =(E72 / AVERAGE('V25'!E72,'V26'!E72,'V27'!E72,'V28'!E72,'V29'!E72,'V30'!E72,'V31'!E72)) * 100 -> 129.64609 | F74: =(F72 / AVERAGE('V25'!F72,'V26'!F72,'V27'!F72,'V28'!F72,'V29'!F72,'V30'!F72,'V31'!F72)) * 100 -> 129.72285 | G74: =(G72 / AVERAGE('V25'!G72,'V26'!G72,'V27'!G72,'V28'!G72,'V29'!G72,'V30'!G72,'V31'!G72)) * 100 -> 129.978 | H74: =IFERROR((G74*0.6)+(F74*0.4),"") -> 129.87594
A75: 8 | C75: Gavel 8 | D75: Vara | E75: Ant | F75: Förs | G75: BV | H75: B% | I75: idx antal | J75: idx förs | K75: idx BV
B76: 101737137 | C76: g81 | D76: CIF DISKMEDEL | E76: 31 | F76: 987.56 | G76: 212.56 | H76: =IFERROR(G76/F76,"") -> 0.21523756 | I76: =IFERROR(((E76/$B$112) / AVERAGE('V25'!E76/'V25'!$B$112, 'V26'!E76/'V26'!$B$112, 'V27'!E76/'V27'!$B$112, 'V28'!E76/'V28'!$B$112, 'V29'!E76/'V29'!$B$112, 'V30'!E76/'V30'!$B$112, 'V31'!E76/'V31'!$B$112)) * 100,"") -> 64.385017 | J76: =IFERROR(((F76/$B$112) / AVERAGE('V25'!F76/'V25'!$B$112, 'V26'!F76/'V26'!$B$112, 'V27'!F76/'V27'!$B$112, 'V28'!F76/'V28'!$B$112, 'V29'!F76/'V29'!$B$112, 'V30'!F76/'V30'!$B$112, 'V31'!F76/'V31'!$B$112)) * 100,"") -> 64.251335 | K76: =IFERROR(((G76/$B$112) / AVERAGE('V25'!G76/'V25'!$B$112, 'V26'!G76/'V26'!$B$112, 'V27'!G76/'V27'!$B$112, 'V28'!G76/'V28'!$B$112, 'V29'!G76/'V29'!$B$112, 'V30'!G76/'V30'!$B$112, 'V31'!G76/'V31'!$B$112)) * 100,"") -> 63.768593
C77: g82
C78: g83
C79: g84
C80: total | E80: =SUM(E76:E79) -> 31 | F80: =SUM(F76:F79) -> 987.56 | G80: =SUM(G76:G79) -> 212.56 | H80: =IFERROR(G80/F80,"") -> 0.21523756
B81: diff föreg V | E81: =IFERROR((E80-('V31'!E80))/('V31'!E80),"") -> -0.39215686 | F81: =IFERROR((F80-('V31'!F80))/('V31'!F80),"") -> -0.39353222 | G81: =IFERROR((G80-('V31'!G80))/('V31'!G80),"") -> -0.39849454 | H81: =IFERROR(H80-('V31'!H80),"") -> -0.0017756727
B82: index | E82: =E80/$B$112 -> 0.0016589073 | F82: =F80/$B$112 -> 0.052847434 | G82: =G80/$B$112 -> 0.011374753
B83: index diff % | E83: =IFERROR((E82-'V31'!E82)/'V31'!E82,"") -> -0.30651171 | F83: =IFERROR((F82-'V31'!F82)/'V31'!F82,"") -> -0.30808086 | G83: =IFERROR((G82-'V31'!G82)/'V31'!G82,"") -> -0.31374236
B84: Prestations Index | E84: =(E82 / AVERAGE('V25'!E82,'V26'!E82,'V27'!E82,'V28'!E82,'V29'!E82,'V30'!E82,'V31'!E82)) * 100 -> 64.385017 | F84: =(F82 / AVERAGE('V25'!F82,'V26'!F82,'V27'!F82,'V28'!F82,'V29'!F82,'V30'!F82,'V31'!F82)) * 100 -> 64.251335 | G84: =(G82 / AVERAGE('V25'!G82,'V26'!G82,'V27'!G82,'V28'!G82,'V29'!G82,'V30'!G82,'V31'!G82)) * 100 -> 63.768593 | H84: =IFERROR((G84*0.6)+(F84*0.4),"") -> 63.96169
A85: 9 | C85: Gavel 9 | D85: Vara | E85: Ant | F85: Förs | G85: BV | H85: B% | I85: idx antal | J85: idx förs | K85: idx BV
B86: 101768879 | C86: g91 | D86: HANDDISKMEDEL | E86: 208 | F86: 7488 | G86: 1252.16 | H86: =IFERROR(G86/F86,"") -> 0.16722222 | I86: =IFERROR(((E86/$B$112) / AVERAGE('V25'!E86/'V25'!$B$112, 'V26'!E86/'V26'!$B$112, 'V27'!E86/'V27'!$B$112, 'V28'!E86/'V28'!$B$112, 'V29'!E86/'V29'!$B$112, 'V30'!E86/'V30'!$B$112, 'V31'!E86/'V31'!$B$112)) * 100,"") -> 100.62724 | J86: =IFERROR(((F86/$B$112) / AVERAGE('V25'!F86/'V25'!$B$112, 'V26'!F86/'V26'!$B$112, 'V27'!F86/'V27'!$B$112, 'V28'!F86/'V28'!$B$112, 'V29'!F86/'V29'!$B$112, 'V30'!F86/'V30'!$B$112, 'V31'!F86/'V31'!$B$112)) * 100,"") -> 100.63653 | K86: =IFERROR(((G86/$B$112) / AVERAGE('V25'!G86/'V25'!$B$112, 'V26'!G86/'V26'!$B$112, 'V27'!G86/'V27'!$B$112, 'V28'!G86/'V28'!$B$112, 'V29'!G86/'V29'!$B$112, 'V30'!G86/'V30'!$B$112, 'V31'!G86/'V31'!$B$112)) * 100,"") -> 99.483687
C87: g92
C88: g93
C89: g94
C90: total | E90: =SUM(E86:E89) -> 208 | F90: =SUM(F86:F89) -> 7488 | G90: =SUM(G86:G89) -> 1252.16 | H90: =IFERROR(G90/F90,"") -> 0.16722222
B91: diff föreg V | E91: =IFERROR((E90-('V31'!E90))/('V31'!E90),"") -> -0.12236287 | F91: =IFERROR((F90-('V31'!F90))/('V31'!F90),"") -> -0.12236287 | G91: =IFERROR((G90-('V31'!G90))/('V31'!G90),"") -> -0.12236287 | H91: =IFERROR(H90-('V31'!H90),"") -> 2.7755576e-17
B92: index | E92: =E90/$B$112 -> 0.011130733 | F92: =F90/$B$112 -> 0.40070637 | G92: =G90/$B$112 -> 0.06700701
B93: index diff % | E93: =IFERROR((E92-'V31'!E92)/'V31'!E92,"") -> 0.0012962824 | F93: =IFERROR((F92-'V31'!F92)/'V31'!F92,"") -> 0.0012962824 | G93: =IFERROR((G92-'V31'!G92)/'V31'!G92,"") -> 0.0012962824
B94: Prestations Index | E94: =(E92 / AVERAGE('V25'!E92,'V26'!E92,'V27'!E92,'V28'!E92,'V29'!E92,'V30'!E92,'V31'!E92)) * 100 -> 100.62724 | F94: =(F92 / AVERAGE('V25'!F92,'V26'!F92,'V27'!F92,'V28'!F92,'V29'!F92,'V30'!F92,'V31'!F92)) * 100 -> 100.63653 | G94: =(G92 / AVERAGE('V25'!G92,'V26'!G92,'V27'!G92,'V28'!G92,'V29'!G92,'V30'!G92,'V31'!G92)) * 100 -> 99.483687 | H94: =IFERROR((G94*0.6)+(F94*0.4),"") -> 99.944823
A95: 10 | C95: Gavel 10 | D95: Vara | E95: Ant | F95: Förs | G95: BV | H95: B% | I95: idx antal | J95: idx förs | K95: idx BV
B96: KOMBI: 101767745 101887812 101765859 | C96: g101 | D96: Zalo Lav & Cherry | E96: 266 | F96: 9576 | G96: 1601.32 | H96: =IFERROR(G96/F96,"") -> 0.16722222 | I96: =IFERROR(((E96/$B$112) / AVERAGE('V25'!E96/'V25'!$B$112, 'V26'!E96/'V26'!$B$112, 'V27'!E96/'V27'!$B$112, 'V28'!E96/'V28'!$B$112, 'V29'!E96/'V29'!$B$112, 'V30'!E96/'V30'!$B$112, 'V31'!E96/'V31'!$B$112)) * 100,"") -> 103.73684 | J96: =IFERROR(((F96/$B$112) / AVERAGE('V25'!F96/'V25'!$B$112, 'V26'!F96/'V26'!$B$112, 'V27'!F96/'V27'!$B$112, 'V28'!F96/'V28'!$B$112, 'V29'!F96/'V29'!$B$112, 'V30'!F96/'V30'!$B$112, 'V31'!F96/'V31'!$B$112)) * 100,"") -> 103.7505 | K96: =IFERROR(((G96/$B$112) / AVERAGE('V25'!G96/'V25'!$B$112, 'V26'!G96/'V26'!$B$112, 'V27'!G96/'V27'!$B$112, 'V28'!G96/'V28'!$B$112, 'V29'!G96/'V29'!$B$112, 'V30'!G96/'V30'!$B$112, 'V31'!G96/'V31'!$B$112)) * 100,"") -> 102.63212
C97: g102
C98: g103
C99: g104
C100: total | E100: =SUM(E96:E99) -> 266 | F100: =SUM(F96:F99) -> 9576 | G100: =SUM(G96:G99) -> 1601.32 | H100: =IFERROR(G100/F100,"") -> 0.16722222
B101: diff föreg V | E101: =IFERROR((E100-('V31'!E100))/('V31'!E100),"") -> -0.098305085 | F101: =IFERROR((F100-('V31'!F100))/('V31'!F100),"") -> -0.098305085 | G101: =IFERROR((G100-('V31'!G100))/('V31'!G100),"") -> -0.098305085 | H101: =IFERROR(H100-('V31'!H100),"") -> -2.7755576e-17
...

Sheet V33
A1: RANKING-APP
C3: vecka 33
C4: Vecka 33 | I4: 33 | J4: mot historik
A5: 1 | C5: Gavel 1 | D5: Vara | E5: Ant | F5: Förs | G5: BV | H5: B% | I5: idx antal | J5: idx förs | K5: idx BV
B6: KOMBI: 101712096 101625435 | C6: g11 | D6: A+ Cherry blossom | E6: 163 | F6: 11722.28 | G6: 976.78 | H6: =IFERROR(G6/F6,"") -> 0.083326793 | I6: =IFERROR(((E6/$B$112) / AVERAGE('V25'!E6/'V25'!$B$112, 'V26'!E6/'V26'!$B$112, 'V27'!E6/'V27'!$B$112, 'V28'!E6/'V28'!$B$112, 'V29'!E6/'V29'!$B$112, 'V30'!E6/'V30'!$B$112, 'V31'!E6/'V31'!$B$112, 'V32'!E6/'V32'!$B$112)) * 100,"") -> 121.19588 | J6: =IFERROR(((F6/$B$112) / AVERAGE('V25'!F6/'V25'!$B$112, 'V26'!F6/'V26'!$B$112, 'V27'!F6/'V27'!$B$112, 'V28'!F6/'V28'!$B$112, 'V29'!F6/'V29'!$B$112, 'V30'!F6/'V30'!$B$112, 'V31'!F6/'V31'!$B$112, 'V32'!F6/'V32'!$B$112)) * 100,"") -> 121.39695 | K6: =IFERROR(((G6/$B$112) / AVERAGE('V25'!G6/'V25'!$B$112, 'V26'!G6/'V26'!$B$112, 'V27'!G6/'V27'!$B$112, 'V28'!G6/'V28'!$B$112, 'V29'!G6/'V29'!$B$112, 'V30'!G6/'V30'!$B$112, 'V31'!G6/'V31'!$B$112, 'V32'!G6/'V32'!$B$112)) * 100,"") -> 41.953274
C7: g12
C8: g13
C9: g14
C10: total | E10: =SUM(E6:E9) -> 163 | F10: =SUM(F6:F9) -> 11722.28 | G10: =SUM(G6:G9) -> 976.78 | H10: =IFERROR(G10/F10,"") -> 0.083326793
B11: diff föreg V | E11: =IFERROR((E10-('V32'!E10))/('V32'!E10),"") -> -0.063218391 | F11: =IFERROR((F10-('V32'!F10))/('V32'!F10),"") -> -0.063524171 | G11: =IFERROR((G10-('V32'!G10))/('V32'!G10),"") -> -0.68707391 | H11: =IFERROR(H10-('V32'!H10),"") -> -0.16604049
B12: index | E12: =E10/$B$112 -> 0.0088027218 | F12: =F10/$B$112 -> 0.63305503 | G12: =G10/$B$112 -> 0.052750446
B13: index diff % | E13: =IFERROR((E12-'V32'!E12)/'V32'!E12,"") -> -0.05461803 | F13: =IFERROR((F12-'V32'!F12)/'V32'!F12,"") -> -0.054926618 | G13: =IFERROR((G12-'V32'!G12)/'V32'!G12,"") -> -0.68420102
B14: Prestations Index | E14: =(E12 / AVERAGE('V25'!E12,'V26'!E12,'V27'!E12,'V28'!E12,'V29'!E12,'V30'!E12,'V31'!E12,'V32'!E12)) * 100 -> 121.19588 | F14: =(F12 / AVERAGE('V25'!F12,'V26'!F12,'V27'!F12,'V28'!F12,'V29'!F12,'V30'!F12,'V31'!F12,'V32'!F12)) * 100 -> 121.39695 | G14: =(G12 / AVERAGE('V25'!G12,'V26'!G12,'V27'!G12,'V28'!G12,'V29'!G12,'V30'!G12,'V31'!G12,'V32'!G12)) * 100 -> 41.953274 | H14: =IFERROR((G14*0.6)+(F14*0.4),"") -> 73.730742
A15: 2 | C15: Gavel 2 | D15: Vara | E15: Ant | F15: Förs | G15: BV | H15: B% | I15: idx antal | J15: idx förs | K15: idx BV
B16: KOMBI: 101595376 101595377 101595375 101547828 | C16: g21 | D16: CIF spray 750ml | E16: 198 | F16: 3200.08 | G16: 417.98 | H16: =IFERROR(G16/F16,"") -> 0.13061548 | I16: =IFERROR(((E16/$B$112) / AVERAGE('V25'!E16/'V25'!$B$112, 'V26'!E16/'V26'!$B$112, 'V27'!E16/'V27'!$B$112, 'V28'!E16/'V28'!$B$112, 'V29'!E16/'V29'!$B$112, 'V30'!E16/'V30'!$B$112, 'V31'!E16/'V31'!$B$112, 'V32'!E16/'V32'!$B$112)) * 100,"") -> 119.67104 | J16: =IFERROR(((F16/$B$112) / AVERAGE('V25'!F16/'V25'!$B$112, 'V26'!F16/'V26'!$B$112, 'V27'!F16/'V27'!$B$112, 'V28'!F16/'V28'!$B$112, 'V29'!F16/'V29'!$B$112, 'V30'!F16/'V30'!$B$112, 'V31'!F16/'V31'!$B$112, 'V32'!F16/'V32'!$B$112)) * 100,"") -> 96.353806 | K16: =IFERROR(((G16/$B$112) / AVERAGE('V25'!G16/'V25'!$B$112, 'V26'!G16/'V26'!$B$112, 'V27'!G16/'V27'!$B$112, 'V28'!G16/'V28'!$B$112, 'V29'!G16/'V29'!$B$112, 'V30'!G16/'V30'!$B$112, 'V31'!G16/'V31'!$B$112, 'V32'!G16/'V32'!$B$112)) * 100,"") -> 62.017755
C17: g22
C18: g23
C19: g24
C20: total | E20: =SUM(E16:E19) -> 198 | F20: =SUM(F16:F19) -> 3200.08 | G20: =SUM(G16:G19) -> 417.98 | H20: =IFERROR(G20/F20,"") -> 0.13061548
B21: diff föreg V | E21: =IFERROR((E20-('V32'!E20))/('V32'!E20),"") -> 0.16470588 | F21: =IFERROR((F20-('V32'!F20))/('V32'!F20),"") -> -0.056913828 | G21: =IFERROR((G20-('V32'!G20))/('V32'!G20),"") -> -0.38685639 | H21: =IFERROR(H20-('V32'!H20),"") -> -0.070286319
B22: index | E22: =E20/$B$112 -> 0.010692877 | F22: =F20/$B$112 -> 0.17281849 | G22: =G20/$B$112 -> 0.022572771
B23: index diff % | E23: =IFERROR((E22-'V32'!E22)/'V32'!E22,"") -> 0.17539876 | F23: =IFERROR((F22-'V32'!F22)/'V32'!F22,"") -> -0.048255587 | G23: =IFERROR((G22-'V32'!G22)/'V32'!G22,"") -> -0.38122727
B24: Prestations Index | E24: =(E22 / AVERAGE('V25'!E22,'V26'!E22,'V27'!E22,'V28'!E22,'V29'!E22,'V30'!E22,'V31'!E22,'V32'!E22)) * 100 -> 119.67104 | F24: =(F22 / AVERAGE('V25'!F22,'V26'!F22,'V27'!F22,'V28'!F22,'V29'!F22,'V30'!F22,'V31'!F22,'V32'!F22)) * 100 -> 96.353806 | G24: =(G22 / AVERAGE('V25'!G22,'V26'!G22,'V27'!G22,'V28'!G22,'V29'!G22,'V30'!G22,'V31'!G22,'V32'!G22)) * 100 -> 62.017755 | H24: =IFERROR((G24*0.6)+(F24*0.4),"") -> 75.752175
A25: 3 | C25: Gavel 3 | D25: Vara | E25: Ant | F25: Förs | G25: BV | H25: B% | I25: idx antal | J25: idx förs | K25: idx BV
B26: 101648059 | C26: g31 | D26: PK SOF SKÖLJ OUTDFR1300ML | E26: 679 | F26: 16045.84 | G26: 3514.3 | H26: =IFERROR(G26/F26,"") -> 0.21901627 | I26: =IFERROR(((E26/$B$112) / AVERAGE('V25'!E26/'V25'!$B$112, 'V26'!E26/'V26'!$B$112, 'V27'!E26/'V27'!$B$112, 'V28'!E26/'V28'!$B$112, 'V29'!E26/'V29'!$B$112, 'V30'!E26/'V30'!$B$112, 'V31'!E26/'V31'!$B$112, 'V32'!E26/'V32'!$B$112)) * 100,"") -> 122.18407 | J26: =IFERROR(((F26/$B$112) / AVERAGE('V25'!F26/'V25'!$B$112, 'V26'!F26/'V26'!$B$112, 'V27'!F26/'V27'!$B$112, 'V28'!F26/'V28'!$B$112, 'V29'!F26/'V29'!$B$112, 'V30'!F26/'V30'!$B$112, 'V31'!F26/'V31'!$B$112, 'V32'!F26/'V32'!$B$112)) * 100,"") -> 122.21373 | K26: =IFERROR(((G26/$B$112) / AVERAGE('V25'!G26/'V25'!$B$112, 'V26'!G26/'V26'!$B$112, 'V27'!G26/'V27'!$B$112, 'V28'!G26/'V28'!$B$112, 'V29'!G26/'V29'!$B$112, 'V30'!G26/'V30'!$B$112, 'V31'!G26/'V31'!$B$112, 'V32'!G26/'V32'!$B$112)) * 100,"") -> 121.4096
C27: g32
C28: g33
C29: g34
C30: total | E30: =SUM(E26:E29) -> 679 | F30: =SUM(F26:F29) -> 16045.84 | G30: =SUM(G26:G29) -> 3514.3 | H30: =IFERROR(G30/F30,"") -> 0.21901627
B31: diff föreg V | E31: =IFERROR((E30-('V32'!E30))/('V32'!E30),"") -> 0.12417219 | F31: =IFERROR((F30-('V32'!F30))/('V32'!F30),"") -> 0.12407074 | G31: =IFERROR((G30-('V32'!G30))/('V32'!G30),"") -> 0.14295843 | H31: =IFERROR(H30-('V32'!H30),"") -> 0.003619302
B32: index | E32: =E30/$B$112 -> 0.036669007 | F32: =F30/$B$112 -> 0.86654642 | G32: =G30/$B$112 -> 0.18978776
B33: index diff % | E33: =IFERROR((E32-'V32'!E32)/'V32'!E32,"") -> 0.13449293 | F33: =IFERROR((F32-'V32'!F32)/'V32'!F32,"") -> 0.13439055 | G33: =IFERROR((G32-'V32'!G32)/'V32'!G32,"") -> 0.15345165
B34: Prestations Index | E34: =(E32 / AVERAGE('V25'!E32,'V26'!E32,'V27'!E32,'V28'!E32,'V29'!E32,'V30'!E32,'V31'!E32,'V32'!E32)) * 100 -> 122.18407 | F34: =(F32 / AVERAGE('V25'!F32,'V26'!F32,'V27'!F32,'V28'!F32,'V29'!F32,'V30'!F32,'V31'!F32,'V32'!F32)) * 100 -> 122.21373 | G34: =(G32 / AVERAGE('V25'!G32,'V26'!G32,'V27'!G32,'V28'!G32,'V29'!G32,'V30'!G32,'V31'!G32,'V32'!G32)) * 100 -> 121.4096 | H34: =IFERROR((G34*0.6)+(F34*0.4),"") -> 121.73125
A35: 4 | C35: Gavel 4 | D35: Vara | E35: Ant | F35: Förs | G35: BV | H35: B% | I35: idx antal | J35: idx förs | K35: idx BV
B36: KOMBI: 101648050 101625436 | C36: g41 | D36: Softlan Appear & Van | E36: 569 | F36: 13442.48 | G36: 2997.2 | H36: =IFERROR(G36/F36,"") -> 0.22296481 | I36: =IFERROR(((E36/$B$112) / AVERAGE('V25'!E36/'V25'!$B$112, 'V26'!E36/'V26'!$B$112, 'V27'!E36/'V27'!$B$112, 'V28'!E36/'V28'!$B$112, 'V29'!E36/'V29'!$B$112, 'V30'!E36/'V30'!$B$112, 'V31'!E36/'V31'!$B$112, 'V32'!E36/'V32'!$B$112)) * 100,"") -> 116.72275 | J36: =IFERROR(((F36/$B$112) / AVERAGE('V25'!F36/'V25'!$B$112, 'V26'!F36/'V26'!$B$112, 'V27'!F36/'V27'!$B$112, 'V28'!F36/'V28'!$B$112, 'V29'!F36/'V29'!$B$112, 'V30'!F36/'V30'!$B$112, 'V31'!F36/'V31'!$B$112, 'V32'!F36/'V32'!$B$112)) * 100,"") -> 116.73375 | K36: =IFERROR(((G36/$B$112) / AVERAGE('V25'!G36/'V25'!$B$112, 'V26'!G36/'V26'!$B$112, 'V27'!G36/'V27'!$B$112, 'V28'!G36/'V28'!$B$112, 'V29'!G36/'V29'!$B$112, 'V30'!G36/'V30'!$B$112, 'V31'!G36/'V31'!$B$112, 'V32'!G36/'V32'!$B$112)) * 100,"") -> 116.51413
C37: g42
C38: g43
C39: g44
C40: total | E40: =SUM(E36:E39) -> 569 | F40: =SUM(F36:F39) -> 13442.48 | G40: =SUM(G36:G39) -> 2997.2 | H40: =IFERROR(G40/F40,"") -> 0.22296481
B41: diff föreg V | E41: =IFERROR((E40-('V32'!E40))/('V32'!E40),"") -> 0.24235808 | F41: =IFERROR((F40-('V32'!F40))/('V32'!F40),"") -> 0.24237338 | G41: =IFERROR((G40-('V32'!G40))/('V32'!G40),"") -> 0.24143644 | H41: =IFERROR(H40-('V32'!H40),"") -> -0.00016827681
B42: index | E42: =E40/$B$112 -> 0.03072852 | F42: =F40/$B$112 -> 0.72595345 | G42: =G40/$B$112 -> 0.16186207
B43: index diff % | E43: =IFERROR((E42-'V32'!E42)/'V32'!E42,"") -> 0.25376386 | F43: =IFERROR((F42-'V32'!F42)/'V32'!F42,"") -> 0.25377931 | G43: =IFERROR((G42-'V32'!G42)/'V32'!G42,"") -> 0.25283376
B44: Prestations Index | E44: =(E42 / AVERAGE('V25'!E42,'V26'!E42,'V27'!E42,'V28'!E42,'V29'!E42,'V30'!E42,'V31'!E42,'V32'!E42)) * 100 -> 116.72275 | F44: =(F42 / AVERAGE('V25'!F42,'V26'!F42,'V27'!F42,'V28'!F42,'V29'!F42,'V30'!F42,'V31'!F42,'V32'!F42)) * 100 -> 116.73375 | G44: =(G42 / AVERAGE('V25'!G42,'V26'!G42,'V27'!G42,'V28'!G42,'V29'!G42,'V30'!G42,'V31'!G42,'V32'!G42)) * 100 -> 116.51413 | H44: =IFERROR((G44*0.6)+(F44*0.4),"") -> 116.60198
A45: 5 | C45: Gavel 5 | D45: Vara | E45: Ant | F45: Förs | G45: BV | H45: B% | I45: idx antal | J45: idx förs | K45: idx BV
B46: 101440122 | C46: g51 | D46: OMO OMO 2,6 LITER FLYTANDE TVÄTT 2,6 | E46: 203 | F46: 16077.6 | G46: 1797.6 | H46: =IFERROR(G46/F46,"") -> 0.11180773 | I46: =IFERROR(((E46/$B$112) / AVERAGE('V25'!E46/'V25'!$B$112, 'V26'!E46/'V26'!$B$112, 'V27'!E46/'V27'!$B$112, 'V28'!E46/'V28'!$B$112, 'V29'!E46/'V29'!$B$112, 'V30'!E46/'V30'!$B$112, 'V31'!E46/'V31'!$B$112, 'V32'!E46/'V32'!$B$112)) * 100,"") -> 98.775094 | J46: =IFERROR(((F46/$B$112) / AVERAGE('V25'!F46/'V25'!$B$112, 'V26'!F46/'V26'!$B$112, 'V27'!F46/'V27'!$B$112, 'V28'!F46/'V28'!$B$112, 'V29'!F46/'V29'!$B$112, 'V30'!F46/'V30'!$B$112, 'V31'!F46/'V31'!$B$112, 'V32'!F46/'V32'!$B$112)) * 100,"") -> 102.82079 | K46: =IFERROR(((G46/$B$112) / AVERAGE('V25'!G46/'V25'!$B$112, 'V26'!G46/'V26'!$B$112, 'V27'!G46/'V27'!$B$112, 'V28'!G46/'V28'!$B$112, 'V29'!G46/'V29'!$B$112, 'V30'!G46/'V30'!$B$112, 'V31'!G46/'V31'!$B$112, 'V32'!G46/'V32'!$B$112)) * 100,"") -> 179.34713
C47: g52
C48: g53
C49: g54
C50: total | E50: =SUM(E46:E49) -> 203 | F50: =SUM(F46:F49) -> 16077.6 | G50: =SUM(G46:G49) -> 1797.6 | H50: =IFERROR(G50/F50,"") -> 0.11180773
B51: diff föreg V | E51: =IFERROR((E50-('V32'!E50))/('V32'!E50),"") -> 0.11538462 | F51: =IFERROR((F50-('V32'!F50))/('V32'!F50),"") -> 0.1184573 | G51: =IFERROR((G50-('V32'!G50))/('V32'!G50),"") -> 0.099584047 | H51: =IFERROR(H50-('V32'!H50),"") -> -0.0019190672
B52: index | E52: =E50/$B$112 -> 0.010962899 | F52: =F50/$B$112 -> 0.8682616 | G52: =G50/$B$112 -> 0.09707836
B53: index diff % | E53: =IFERROR((E52-'V32'!E52)/'V32'!E52,"") -> 0.12562469 | F53: =IFERROR((F52-'V32'!F52)/'V32'!F52,"") -> 0.12872558 | G53: =IFERROR((G52-'V32'!G52)/'V32'!G52,"") -> 0.10967906
B54: Prestations Index | E54: =(E52 / AVERAGE('V25'!E52,'V26'!E52,'V27'!E52,'V28'!E52,'V29'!E52,'V30'!E52,'V31'!E52,'V32'!E52)) * 100 -> 98.775094 | F54: =(F52 / AVERAGE('V25'!F52,'V26'!F52,'V27'!F52,'V28'!F52,'V29'!F52,'V30'!F52,'V31'!F52,'V32'!F52)) * 100 -> 102.82079 | G54: =(G52 / AVERAGE('V25'!G52,'V26'!G52,'V27'!G52,'V28'!G52,'V29'!G52,'V30'!G52,'V31'!G52,'V32'!G52)) * 100 -> 179.34713 | H54: =IFERROR((G54*0.6)+(F54*0.4),"") -> 148.73659
A55: 6 | C55: Gavel 6 | D55: Vara | E55: Ant | F55: Förs | G55: BV | H55: B% | I55: idx antal | J55: idx förs | K55: idx BV
B56: KOMBI: 101692806 101692807 | C56: g61 | D56: Comfort 1,56L | E56: 183 | F56: 7459.08 | G56: 1475.08 | H56: =IFERROR(G56/F56,"") -> 0.19775629 | I56: =IFERROR(((E56/$B$112) / AVERAGE('V25'!E56/'V25'!$B$112, 'V26'!E56/'V26'!$B$112, 'V27'!E56/'V27'!$B$112, 'V28'!E56/'V28'!$B$112, 'V29'!E56/'V29'!$B$112, 'V30'!E56/'V30'!$B$112, 'V31'!E56/'V31'!$B$112, 'V32'!E56/'V32'!$B$112)) * 100,"") -> 102.32245 | J56: =IFERROR(((F56/$B$112) / AVERAGE('V25'!F56/'V25'!$B$112, 'V26'!F56/'V26'!$B$112, 'V27'!F56/'V27'!$B$112, 'V28'!F56/'V28'!$B$112, 'V29'!F56/'V29'!$B$112, 'V30'!F56/'V30'!$B$112, 'V31'!F56/'V31'!$B$112, 'V32'!F56/'V32'!$B$112)) * 100,"") -> 102.32885 | K56: =IFERROR(((G56/$B$112) / AVERAGE('V25'!G56/'V25'!$B$112, 'V26'!G56/'V26'!$B$112, 'V27'!G56/'V27'!$B$112, 'V28'!G56/'V28'!$B$112, 'V29'!G56/'V29'!$B$112, 'V30'!G56/'V30'!$B$112, 'V31'!G56/'V31'!$B$112, 'V32'!G56/'V32'!$B$112)) * 100,"") -> 94.179788
C57: g62
C58: g63
C59: g64
C60: total | E60: =SUM(E56:E59) -> 183 | F60: =SUM(F56:F59) -> 7459.08 | G60: =SUM(G56:G59) -> 1475.08 | H60: =IFERROR(G60/F60,"") -> 0.19775629
B61: diff föreg V | E61: =IFERROR((E60-('V32'!E60))/('V32'!E60),"") -> -0.15277778 | F61: =IFERROR((F60-('V32'!F60))/('V32'!F60),"") -> -0.15277778 | G61: =IFERROR((G60-('V32'!G60))/('V32'!G60),"") -> -0.22042533 | H61: =IFERROR(H60-('V32'!H60),"") -> -0.017160293
B62: index | E62: =E60/$B$112 -> 0.0098828104 | F62: =F60/$B$112 -> 0.40282335 | G62: =G60/$B$112 -> 0.079660852
B63: index diff % | E63: =IFERROR((E62-'V32'!E62)/'V32'!E62,"") -> -0.14499964 | F63: =IFERROR((F62-'V32'!F62)/'V32'!F62,"") -> -0.14499964 | G63: =IFERROR((G62-'V32'!G62)/'V32'!G62,"") -> -0.21326825
B64: Prestations Index | E64: =(E62 / AVERAGE('V25'!E62,'V26'!E62,'V27'!E62,'V28'!E62,'V29'!E62,'V30'!E62,'V31'!E62,'V32'!E62)) * 100 -> 102.32245 | F64: =(F62 / AVERAGE('V25'!F62,'V26'!F62,'V27'!F62,'V28'!F62,'V29'!F62,'V30'!F62,'V31'!F62,'V32'!F62)) * 100 -> 102.32885 | G64: =(G62 / AVERAGE('V25'!G62,'V26'!G62,'V27'!G62,'V28'!G62,'V29'!G62,'V30'!G62,'V31'!G62,'V32'!G62)) * 100 -> 94.179788 | H64: =IFERROR((G64*0.6)+(F64*0.4),"") -> 97.439413
A65: 7 | C65: Gavel 7 | D65: Vara | E65: Ant | F65: Förs | G65: BV | H65: B% | I65: idx antal | J65: idx förs | K65: idx BV
B66: KOMBI: 101648242 101648245 | C66: g71 | D66: CIF Cream 750ML | E66: 148 | F66: 3072.48 | G66: 711.88 | H66: =IFERROR(G66/F66,"") -> 0.23169557 | I66: =IFERROR(((E66/$B$112) / AVERAGE('V25'!E66/'V25'!$B$112, 'V26'!E66/'V26'!$B$112, 'V27'!E66/'V27'!$B$112, 'V28'!E66/'V28'!$B$112, 'V29'!E66/'V29'!$B$112, 'V30'!E66/'V30'!$B$112, 'V31'!E66/'V31'!$B$112, 'V32'!E66/'V32'!$B$112)) * 100,"") -> 124.47896 | J66: =IFERROR(((F66/$B$112) / AVERAGE('V25'!F66/'V25'!$B$112, 'V26'!F66/'V26'!$B$112, 'V27'!F66/'V27'!$B$112, 'V28'!F66/'V28'!$B$112, 'V29'!F66/'V29'!$B$112, 'V30'!F66/'V30'!$B$112, 'V31'!F66/'V31'!$B$112, 'V32'!F66/'V32'!$B$112)) * 100,"") -> 124.54114 | K66: =IFERROR(((G66/$B$112) / AVERAGE('V25'!G66/'V25'!$B$112, 'V26'!G66/'V26'!$B$112, 'V27'!G66/'V27'!$B$112, 'V28'!G66/'V28'!$B$112, 'V29'!G66/'V29'!$B$112, 'V30'!G66/'V30'!$B$112, 'V31'!G66/'V31'!$B$112, 'V32'!G66/'V32'!$B$112)) * 100,"") -> 124.74774
C67: g72
C68: g73
C69: g74
C70: total | E70: =SUM(E66:E69) -> 148 | F70: =SUM(F66:F69) -> 3072.48 | G70: =SUM(G66:G69) -> 711.88 | H70: =IFERROR(G70/F70,"") -> 0.23169557
B71: diff föreg V | E71: =IFERROR((E70-('V32'!E70))/('V32'!E70),"") -> -0.013333333 | F71: =IFERROR((F70-('V32'!F70))/('V32'!F70),"") -> -0.013333333 | G71: =IFERROR((G70-('V32'!G70))/('V32'!G70),"") -> -0.013333333 | H71: =IFERROR(H70-('V32'!H70),"") -> 0
B72: index | E72: =E70/$B$112 -> 0.0079926554 | F72: =F70/$B$112 -> 0.16592753 | G72: =G70/$B$112 -> 0.038444672
B73: index diff % | E73: =IFERROR((E72-'V32'!E72)/'V32'!E72,"") -> -0.0042749905 | F73: =IFERROR((F72-'V32'!F72)/'V32'!F72,"") -> -0.0042749905 | G73: =IFERROR((G72-'V32'!G72)/'V32'!G72,"") -> -0.0042749905
B74: Prestations Index | E74: =(E72 / AVERAGE('V25'!E72,'V26'!E72,'V27'!E72,'V28'!E72,'V29'!E72,'V30'!E72,'V31'!E72,'V32'!E72)) * 100 -> 124.47896 | F74: =(F72 / AVERAGE('V25'!F72,'V26'!F72,'V27'!F72,'V28'!F72,'V29'!F72,'V30'!F72,'V31'!F72,'V32'!F72)) * 100 -> 124.54114 | G74: =(G72 / AVERAGE('V25'!G72,'V26'!G72,'V27'!G72,'V28'!G72,'V29'!G72,'V30'!G72,'V31'!G72,'V32'!G72)) * 100 -> 124.74774 | H74: =IFERROR((G74*0.6)+(F74*0.4),"") -> 124.6651
A75: 8 | C75: Gavel 8 | D75: Vara | E75: Ant | F75: Förs | G75: BV | H75: B% | I75: idx antal | J75: idx förs | K75: idx BV
B76: KOMBI: 101548872 101548873 | C76: g81 | D76: Duck stick 36ML | E76: 171 | F76: 3420 | G76: 786.6 | H76: =IFERROR(G76/F76,"") -> 0.23 | I76: =IFERROR(((E76/$B$112) / AVERAGE('V25'!E76/'V25'!$B$112, 'V26'!E76/'V26'!$B$112, 'V27'!E76/'V27'!$B$112, 'V28'!E76/'V28'!$B$112, 'V29'!E76/'V29'!$B$112, 'V30'!E76/'V30'!$B$112, 'V31'!E76/'V31'!$B$112, 'V32'!E76/'V32'!$B$112)) * 100,"") -> 375.11636 | J76: =IFERROR(((F76/$B$112) / AVERAGE('V25'!F76/'V25'!$B$112, 'V26'!F76/'V26'!$B$112, 'V27'!F76/'V27'!$B$112, 'V28'!F76/'V28'!$B$112, 'V29'!F76/'V29'!$B$112, 'V30'!F76/'V30'!$B$112, 'V31'!F76/'V31'!$B$112, 'V32'!F76/'V32'!$B$112)) * 100,"") -> 235.05393 | K76: =IFERROR(((G76/$B$112) / AVERAGE('V25'!G76/'V25'!$B$112, 'V26'!G76/'V26'!$B$112, 'V27'!G76/'V27'!$B$112, 'V28'!G76/'V28'!$B$112, 'V29'!G76/'V29'!$B$112, 'V30'!G76/'V30'!$B$112, 'V31'!G76/'V31'!$B$112, 'V32'!G76/'V32'!$B$112)) * 100,"") -> 249.44591
C77: g82
C78: g83
C79: g84
C80: total | E80: =SUM(E76:E79) -> 171 | F80: =SUM(F76:F79) -> 3420 | G80: =SUM(G76:G79) -> 786.6 | H80: =IFERROR(G80/F80,"") -> 0.23
B81: diff föreg V | E81: =IFERROR((E80-('V32'!E80))/('V32'!E80),"") -> 4.516129 | F81: =IFERROR((F80-('V32'!F80))/('V32'!F80),"") -> 2.4630807 | G81: =IFERROR((G80-('V32'!G80))/('V32'!G80),"") -> 2.7006022 | H81: =IFERROR(H80-('V32'!H80),"") -> 0.014762445
B82: index | E82: =E80/$B$112 -> 0.0092347573 | F82: =F80/$B$112 -> 0.18469515 | G82: =G80/$B$112 -> 0.042479883
B83: index diff % | E83: =IFERROR((E82-'V32'!E82)/'V32'!E82,"") -> 4.5667712 | F83: =IFERROR((F82-'V32'!F82)/'V32'!F82,"") -> 2.4948744 | G83: =IFERROR((G82-'V32'!G82)/'V32'!G82,"") -> 2.7345765
B84: Prestations Index | E84: =(E82 / AVERAGE('V25'!E82,'V26'!E82,'V27'!E82,'V28'!E82,'V29'!E82,'V30'!E82,'V31'!E82,'V32'!E82)) * 100 -> 375.11636 | F84: =(F82 / AVERAGE('V25'!F82,'V26'!F82,'V27'!F82,'V28'!F82,'V29'!F82,'V30'!F82,'V31'!F82,'V32'!F82)) * 100 -> 235.05393 | G84: =(G82 / AVERAGE('V25'!G82,'V26'!G82,'V27'!G82,'V28'!G82,'V29'!G82,'V30'!G82,'V31'!G82,'V32'!G82)) * 100 -> 249.44591 | H84: =IFERROR((G84*0.6)+(F84*0.4),"") -> 243.68912
A85: 9 | C85: Gavel 9 | D85: Vara | E85: Ant | F85: Förs | G85: BV | H85: B% | I85: idx antal | J85: idx förs | K85: idx BV
B86: 101768879 | C86: g91 | D86: HANDDISKMEDEL | E86: 213 | F86: 7668 | G86: 1282.26 | H86: =IFERROR(G86/F86,"") -> 0.16722222 | I86: =IFERROR(((E86/$B$112) / AVERAGE('V25'!E86/'V25'!$B$112, 'V26'!E86/'V26'!$B$112, 'V27'!E86/'V27'!$B$112, 'V28'!E86/'V28'!$B$112, 'V29'!E86/'V29'!$B$112, 'V30'!E86/'V30'!$B$112, 'V31'!E86/'V31'!$B$112, 'V32'!E86/'V32'!$B$112)) * 100,"") -> 103.91074 | J86: =IFERROR(((F86/$B$112) / AVERAGE('V25'!F86/'V25'!$B$112, 'V26'!F86/'V26'!$B$112, 'V27'!F86/'V27'!$B$112, 'V28'!F86/'V28'!$B$112, 'V29'!F86/'V29'!$B$112, 'V30'!F86/'V30'!$B$112, 'V31'!F86/'V31'!$B$112, 'V32'!F86/'V32'!$B$112)) * 100,"") -> 103.91912 | K86: =IFERROR(((G86/$B$112) / AVERAGE('V25'!G86/'V25'!$B$112, 'V26'!G86/'V26'!$B$112, 'V27'!G86/'V27'!$B$112, 'V28'!G86/'V28'!$B$112, 'V29'!G86/'V29'!$B$112, 'V30'!G86/'V30'!$B$112, 'V31'!G86/'V31'!$B$112, 'V32'!G86/'V32'!$B$112)) * 100,"") -> 102.87681
C87: g92
C88: g93
C89: g94
C90: total | E90: =SUM(E86:E89) -> 213 | F90: =SUM(F86:F89) -> 7668 | G90: =SUM(G86:G89) -> 1282.26 | H90: =IFERROR(G90/F90,"") -> 0.16722222
B91: diff föreg V | E91: =IFERROR((E90-('V32'!E90))/('V32'!E90),"") -> 0.024038462 | F91: =IFERROR((F90-('V32'!F90))/('V32'!F90),"") -> 0.024038462 | G91: =IFERROR((G90-('V32'!G90))/('V32'!G90),"") -> 0.024038462 | H91: =IFERROR(H90-('V32'!H90),"") -> -2.7755576e-17
B92: index | E92: =E90/$B$112 -> 0.011502943 | F92: =F90/$B$112 -> 0.41410596 | G92: =G90/$B$112 -> 0.069247718
B93: index diff % | E93: =IFERROR((E92-'V32'!E92)/'V32'!E92,"") -> 0.033439906 | F93: =IFERROR((F92-'V32'!F92)/'V32'!F92,"") -> 0.033439906 | G93: =IFERROR((G92-'V32'!G92)/'V32'!G92,"") -> 0.033439906
B94: Prestations Index | E94: =(E92 / AVERAGE('V25'!E92,'V26'!E92,'V27'!E92,'V28'!E92,'V29'!E92,'V30'!E92,'V31'!E92,'V32'!E92)) * 100 -> 103.91074 | F94: =(F92 / AVERAGE('V25'!F92,'V26'!F92,'V27'!F92,'V28'!F92,'V29'!F92,'V30'!F92,'V31'!F92,'V32'!F92)) * 100 -> 103.91912 | G94: =(G92 / AVERAGE('V25'!G92,'V26'!G92,'V27'!G92,'V28'!G92,'V29'!G92,'V30'!G92,'V31'!G92,'V32'!G92)) * 100 -> 102.87681 | H94: =IFERROR((G94*0.6)+(F94*0.4),"") -> 103.29373
A95: 10 | C95: Gavel 10 | D95: Vara | E95: Ant | F95: Förs | G95: BV | H95: B% | I95: idx antal | J95: idx förs | K95: idx BV
B96: KOMBI: 101767745 101887812 101765859 | C96: g101 | D96: Zalo Lav & Cherry | E96: 282 | F96: 10152 | G96: 1697.64 | H96: =IFERROR(G96/F96,"") -> 0.16722222 | I96: =IFERROR(((E96/$B$112) / AVERAGE('V25'!E96/'V25'!$B$112, 'V26'!E96/'V26'!$B$112, 'V27'!E96/'V27'!$B$112, 'V28'!E96/'V28'!$B$112, 'V29'!E96/'V29'!$B$112, 'V30'!E96/'V30'!$B$112, 'V31'!E96/'V31'!$B$112, 'V32'!E96/'V32'!$B$112)) * 100,"") -> 110.4703 | J96: =IFERROR(((F96/$B$112) / AVERAGE('V25'!F96/'V25'!$B$112, 'V26'!F96/'V26'!$B$112, 'V27'!F96/'V27'!$B$112, 'V28'!F96/'V28'!$B$112, 'V29'!F96/'V29'!$B$112, 'V30'!F96/'V30'!$B$112, 'V31'!F96/'V31'!$B$112, 'V32'!F96/'V32'!$B$112)) * 100,"") -> 110.48297 | K96: =IFERROR(((G96/$B$112) / AVERAGE('V25'!G96/'V25'!$B$112, 'V26'!G96/'V26'!$B$112, 'V27'!G96/'V27'!$B$112, 'V28'!G96/'V28'!$B$112, 'V29'!G96/'V29'!$B$112, 'V30'!G96/'V30'!$B$112, 'V31'!G96/'V31'!$B$112, 'V32'!G96/'V32'!$B$112)) * 100,"") -> 109.4443
C97: g102
C98: g103
C99: g104
C100: total | E100: =SUM(E96:E99) -> 282 | F100: =SUM(F96:F99) -> 10152 | G100: =SUM(G96:G99) -> 1697.64 | H100: =IFERROR(G100/F100,"") -> 0.16722222
B101: diff föreg V | E101: =IFERROR((E100-('V32'!E100))/('V32'!E100),"") -> 0.060150376 | F101: =IFERROR((F100-('V32'!F100))/('V32'!F100),"") -> 0.060150376 | G101: =IFERROR((G100-('V32'!G100))/('V32'!G100),"") -> 0.060150376 | H101: =IFERROR(H100-('V32'!H100),"") -> 2.7755576e-17
...

Sheet V34
A1: RANKING-APP
C3: vecka 34
C4: Vecka 34 | I4: 34 | J4: mot historik
A5: 1 | C5: Gavel 1 | D5: Vara | E5: Ant | F5: Förs | G5: BV | H5: B% | I5: idx antal | J5: idx förs | K5: idx BV
B6: KOMBI: 101712096 101625435 | C6: g11 | D6: A+ Cherry blossom | E6: 113 | F6: 8870.4 | G6: 1838.61 | H6: =IFERROR(G6/F6,"") -> 0.20727476 | I6: =IFERROR(((E6/$B$112) / AVERAGE('V25'!E6/'V25'!$B$112, 'V26'!E6/'V26'!$B$112, 'V27'!E6/'V27'!$B$112, 'V28'!E6/'V28'!$B$112, 'V29'!E6/'V29'!$B$112, 'V30'!E6/'V30'!$B$112, 'V31'!E6/'V31'!$B$112, 'V32'!E6/'V32'!$B$112, 'V33'!E6/'V33'!$B$112)) * 100,"") -> 86.63362 | J6: =IFERROR(((F6/$B$112) / AVERAGE('V25'!F6/'V25'!$B$112, 'V26'!F6/'V26'!$B$112, 'V27'!F6/'V27'!$B$112, 'V28'!F6/'V28'!$B$112, 'V29'!F6/'V29'!$B$112, 'V30'!F6/'V30'!$B$112, 'V31'!F6/'V31'!$B$112, 'V32'!F6/'V32'!$B$112, 'V33'!F6/'V33'!$B$112)) * 100,"") -> 94.700412 | K6: =IFERROR(((G6/$B$112) / AVERAGE('V25'!G6/'V25'!$B$112, 'V26'!G6/'V26'!$B$112, 'V27'!G6/'V27'!$B$112, 'V28'!G6/'V28'!$B$112, 'V29'!G6/'V29'!$B$112, 'V30'!G6/'V30'!$B$112, 'V31'!G6/'V31'!$B$112, 'V32'!G6/'V32'!$B$112, 'V33'!G6/'V33'!$B$112)) * 100,"") -> 89.090314
C7: g12
C8: g13
C9: g14
C10: total | E10: =SUM(E6:E9) -> 113 | F10: =SUM(F6:F9) -> 8870.4 | G10: =SUM(G6:G9) -> 1838.61 | H10: =IFERROR(G10/F10,"") -> 0.20727476
B11: diff föreg V | E11: =IFERROR((E10-('V33'!E10))/('V33'!E10),"") -> -0.30674847 | F11: =IFERROR((F10-('V33'!F10))/('V33'!F10),"") -> -0.24328714 | G11: =IFERROR((G10-('V33'!G10))/('V33'!G10),"") -> 0.88231741 | H11: =IFERROR(H10-('V33'!H10),"") -> 0.12394796
B12: index | E12: =E10/$B$112 -> 0.0064405814 | F12: =F10/$B$112 -> 0.50557994 | G12: =G10/$B$112 -> 0.10479396
B13: index diff % | E13: =IFERROR((E12-'V33'!E12)/'V33'!E12,"") -> -0.26834205 | F13: =IFERROR((F12-'V33'!F12)/'V33'!F12,"") -> -0.20136495 | G13: =IFERROR((G12-'V33'!G12)/'V33'!G12,"") -> 0.98659855
B14: Prestations Index | E14: =(E12 / AVERAGE('V25'!E12,'V26'!E12,'V27'!E12,'V28'!E12,'V29'!E12,'V30'!E12,'V31'!E12,'V32'!E12,'V33'!E12)) * 100 -> 86.63362 | F14: =(F12 / AVERAGE('V25'!F12,'V26'!F12,'V27'!F12,'V28'!F12,'V29'!F12,'V30'!F12,'V31'!F12,'V32'!F12,'V33'!F12)) * 100 -> 94.700412 | G14: =(G12 / AVERAGE('V25'!G12,'V26'!G12,'V27'!G12,'V28'!G12,'V29'!G12,'V30'!G12,'V31'!G12,'V32'!G12,'V33'!G12)) * 100 -> 89.090314 | H14: =IFERROR((G14*0.6)+(F14*0.4),"") -> 91.334353
A15: 2 | C15: Gavel 2 | D15: Vara | E15: Ant | F15: Förs | G15: BV | H15: B% | I15: idx antal | J15: idx förs | K15: idx BV
B16: KOMBI: 101595376 101595377 101595375 101547828 | C16: g21 | D16: CIF spray 750ml | E16: 269 | F16: 4293.24 | G16: 540.69 | H16: =IFERROR(G16/F16,"") -> 0.12593985 | I16: =IFERROR(((E16/$B$112) / AVERAGE('V25'!E16/'V25'!$B$112, 'V26'!E16/'V26'!$B$112, 'V27'!E16/'V27'!$B$112, 'V28'!E16/'V28'!$B$112, 'V29'!E16/'V29'!$B$112, 'V30'!E16/'V30'!$B$112, 'V31'!E16/'V31'!$B$112, 'V32'!E16/'V32'!$B$112, 'V33'!E16/'V33'!$B$112)) * 100,"") -> 167.92038 | J16: =IFERROR(((F16/$B$112) / AVERAGE('V25'!F16/'V25'!$B$112, 'V26'!F16/'V26'!$B$112, 'V27'!F16/'V27'!$B$112, 'V28'!F16/'V28'!$B$112, 'V29'!F16/'V29'!$B$112, 'V30'!F16/'V30'!$B$112, 'V31'!F16/'V31'!$B$112, 'V32'!F16/'V32'!$B$112, 'V33'!F16/'V33'!$B$112)) * 100,"") -> 136.98515 | K16: =IFERROR(((G16/$B$112) / AVERAGE('V25'!G16/'V25'!$B$112, 'V26'!G16/'V26'!$B$112, 'V27'!G16/'V27'!$B$112, 'V28'!G16/'V28'!$B$112, 'V29'!G16/'V29'!$B$112, 'V30'!G16/'V30'!$B$112, 'V31'!G16/'V31'!$B$112, 'V32'!G16/'V32'!$B$112, 'V33'!G16/'V33'!$B$112)) * 100,"") -> 88.400033
C17: g22
C18: g23
C19: g24
C20: total | E20: =SUM(E16:E19) -> 269 | F20: =SUM(F16:F19) -> 4293.24 | G20: =SUM(G16:G19) -> 540.69 | H20: =IFERROR(G20/F20,"") -> 0.12593985
B21: diff föreg V | E21: =IFERROR((E20-('V33'!E20))/('V33'!E20),"") -> 0.35858586 | F21: =IFERROR((F20-('V33'!F20))/('V33'!F20),"") -> 0.34160396 | G21: =IFERROR((G20-('V33'!G20))/('V33'!G20),"") -> 0.29357864 | H21: =IFERROR(H20-('V33'!H20),"") -> -0.004675635
B22: index | E22: =E20/$B$112 -> 0.015332003 | F22: =F20/$B$112 -> 0.24469877 | G22: =G20/$B$112 -> 0.030817327
B23: index diff % | E23: =IFERROR((E22-'V33'!E22)/'V33'!E22,"") -> 0.43385206 | F23: =IFERROR((F22-'V33'!F22)/'V33'!F22,"") -> 0.41592935 | G23: =IFERROR((G22-'V33'!G22)/'V33'!G22,"") -> 0.36524341
B24: Prestations Index | E24: =(E22 / AVERAGE('V25'!E22,'V26'!E22,'V27'!E22,'V28'!E22,'V29'!E22,'V30'!E22,'V31'!E22,'V32'!E22,'V33'!E22)) * 100 -> 167.92038 | F24: =(F22 / AVERAGE('V25'!F22,'V26'!F22,'V27'!F22,'V28'!F22,'V29'!F22,'V30'!F22,'V31'!F22,'V32'!F22,'V33'!F22)) * 100 -> 136.98515 | G24: =(G22 / AVERAGE('V25'!G22,'V26'!G22,'V27'!G22,'V28'!G22,'V29'!G22,'V30'!G22,'V31'!G22,'V32'!G22,'V33'!G22)) * 100 -> 88.400033 | H24: =IFERROR((G24*0.6)+(F24*0.4),"") -> 107.83408
A25: 3 | C25: Gavel 3 | D25: Vara | E25: Ant | F25: Förs | G25: BV | H25: B% | I25: idx antal | J25: idx förs | K25: idx BV
B26: 101648059 | C26: g31 | D26: PK SOF SKÖLJ OUTDFR1300ML | E26: 632 | F26: 14930.76 | G26: 3296.04 | H26: =IFERROR(G26/F26,"") -> 0.22075501 | I26: =IFERROR(((E26/$B$112) / AVERAGE('V25'!E26/'V25'!$B$112, 'V26'!E26/'V26'!$B$112, 'V27'!E26/'V27'!$B$112, 'V28'!E26/'V28'!$B$112, 'V29'!E26/'V29'!$B$112, 'V30'!E26/'V30'!$B$112, 'V31'!E26/'V31'!$B$112, 'V32'!E26/'V32'!$B$112, 'V33'!E26/'V33'!$B$112)) * 100,"") -> 117.13968 | J26: =IFERROR(((F26/$B$112) / AVERAGE('V25'!F26/'V25'!$B$112, 'V26'!F26/'V26'!$B$112, 'V27'!F26/'V27'!$B$112, 'V28'!F26/'V28'!$B$112, 'V29'!F26/'V29'!$B$112, 'V30'!F26/'V30'!$B$112, 'V31'!F26/'V31'!$B$112, 'V32'!F26/'V32'!$B$112, 'V33'!F26/'V33'!$B$112)) * 100,"") -> 117.12986 | K26: =IFERROR(((G26/$B$112) / AVERAGE('V25'!G26/'V25'!$B$112, 'V26'!G26/'V26'!$B$112, 'V27'!G26/'V27'!$B$112, 'V28'!G26/'V28'!$B$112, 'V29'!G26/'V29'!$B$112, 'V30'!G26/'V30'!$B$112, 'V31'!G26/'V31'!$B$112, 'V32'!G26/'V32'!$B$112, 'V33'!G26/'V33'!$B$112)) * 100,"") -> 117.3853
C27: g32
C28: g33
C29: g34
C30: total | E30: =SUM(E26:E29) -> 632 | F30: =SUM(F26:F29) -> 14930.76 | G30: =SUM(G26:G29) -> 3296.04 | H30: =IFERROR(G30/F30,"") -> 0.22075501
B31: diff föreg V | E31: =IFERROR((E30-('V33'!E30))/('V33'!E30),"") -> -0.06921944 | F31: =IFERROR((F30-('V33'!F30))/('V33'!F30),"") -> -0.069493401 | G31: =IFERROR((G30-('V33'!G30))/('V33'!G30),"") -> -0.062106252 | H31: =IFERROR(H30-('V33'!H30),"") -> 0.0017387367
B32: index | E32: =E30/$B$112 -> 0.036021659 | F32: =F30/$B$112 -> 0.85099801 | G32: =G30/$B$112 -> 0.18786207
B33: index diff % | E33: =IFERROR((E32-'V33'!E32)/'V33'!E32,"") -> -0.017653826 | F33: =IFERROR((F32-'V33'!F32)/'V33'!F32,"") -> -0.017942965 | G33: =IFERROR((G32-'V33'!G32)/'V33'!G32,"") -> -0.010146564
B34: Prestations Index | E34: =(E32 / AVERAGE('V25'!E32,'V26'!E32,'V27'!E32,'V28'!E32,'V29'!E32,'V30'!E32,'V31'!E32,'V32'!E32,'V33'!E32)) * 100 -> 117.13968 | F34: =(F32 / AVERAGE('V25'!F32,'V26'!F32,'V27'!F32,'V28'!F32,'V29'!F32,'V30'!F32,'V31'!F32,'V32'!F32,'V33'!F32)) * 100 -> 117.12986 | G34: =(G32 / AVERAGE('V25'!G32,'V26'!G32,'V27'!G32,'V28'!G32,'V29'!G32,'V30'!G32,'V31'!G32,'V32'!G32,'V33'!G32)) * 100 -> 117.3853 | H34: =IFERROR((G34*0.6)+(F34*0.4),"") -> 117.28312
A35: 4 | C35: Gavel 4 | D35: Vara | E35: Ant | F35: Förs | G35: BV | H35: B% | I35: idx antal | J35: idx förs | K35: idx BV
B36: KOMBI: 101648050 101625436 | C36: g41 | D36: Softlan Appear & Van | E36: 567 | F36: 13389.28 | G36: 2998.48 | H36: =IFERROR(G36/F36,"") -> 0.22394632 | I36: =IFERROR(((E36/$B$112) / AVERAGE('V25'!E36/'V25'!$B$112, 'V26'!E36/'V26'!$B$112, 'V27'!E36/'V27'!$B$112, 'V28'!E36/'V28'!$B$112, 'V29'!E36/'V29'!$B$112, 'V30'!E36/'V30'!$B$112, 'V31'!E36/'V31'!$B$112, 'V32'!E36/'V32'!$B$112, 'V33'!E36/'V33'!$B$112)) * 100,"") -> 120.51693 | J36: =IFERROR(((F36/$B$112) / AVERAGE('V25'!F36/'V25'!$B$112, 'V26'!F36/'V26'!$B$112, 'V27'!F36/'V27'!$B$112, 'V28'!F36/'V28'!$B$112, 'V29'!F36/'V29'!$B$112, 'V30'!F36/'V30'!$B$112, 'V31'!F36/'V31'!$B$112, 'V32'!F36/'V32'!$B$112, 'V33'!F36/'V33'!$B$112)) * 100,"") -> 120.4733 | K36: =IFERROR(((G36/$B$112) / AVERAGE('V25'!G36/'V25'!$B$112, 'V26'!G36/'V26'!$B$112, 'V27'!G36/'V27'!$B$112, 'V28'!G36/'V28'!$B$112, 'V29'!G36/'V29'!$B$112, 'V30'!G36/'V30'!$B$112, 'V31'!G36/'V31'!$B$112, 'V32'!G36/'V32'!$B$112, 'V33'!G36/'V33'!$B$112)) * 100,"") -> 120.80492
C37: g42
C38: g43
C39: g44
C40: total | E40: =SUM(E36:E39) -> 567 | F40: =SUM(F36:F39) -> 13389.28 | G40: =SUM(G36:G39) -> 2998.48 | H40: =IFERROR(G40/F40,"") -> 0.22394632
B41: diff föreg V | E41: =IFERROR((E40-('V33'!E40))/('V33'!E40),"") -> -0.0035149385 | F41: =IFERROR((F40-('V33'!F40))/('V33'!F40),"") -> -0.0039576031 | G41: =IFERROR((G40-('V33'!G40))/('V33'!G40),"") -> 0.00042706526 | H41: =IFERROR(H40-('V33'!H40),"") -> 0.00098151117
B42: index | E42: =E40/$B$112 -> 0.032316899 | F42: =F40/$B$112 -> 0.76313936 | G42: =G40/$B$112 -> 0.17090225
B43: index diff % | E43: =IFERROR((E42-'V33'!E42)/'V33'!E42,"") -> 0.051690731 | F43: =IFERROR((F42-'V33'!F42)/'V33'!F42,"") -> 0.051223543 | G43: =IFERROR((G42-'V33'!G42)/'V33'!G42,"") -> 0.055851124
B44: Prestations Index | E44: =(E42 / AVERAGE('V25'!E42,'V26'!E42,'V27'!E42,'V28'!E42,'V29'!E42,'V30'!E42,'V31'!E42,'V32'!E42,'V33'!E42)) * 100 -> 120.51693 | F44: =(F42 / AVERAGE('V25'!F42,'V26'!F42,'V27'!F42,'V28'!F42,'V29'!F42,'V30'!F42,'V31'!F42,'V32'!F42,'V33'!F42)) * 100 -> 120.4733 | G44: =(G42 / AVERAGE('V25'!G42,'V26'!G42,'V27'!G42,'V28'!G42,'V29'!G42,'V30'!G42,'V31'!G42,'V32'!G42,'V33'!G42)) * 100 -> 120.80492 | H44: =IFERROR((G44*0.6)+(F44*0.4),"") -> 120.67227
A45: 5 | C45: Gavel 5 | D45: Vara | E45: Ant | F45: Förs | G45: BV | H45: B% | I45: idx antal | J45: idx förs | K45: idx BV
B46: 101440122 | C46: g51 | D46: OMO OMO 2,6 LITER FLYTANDE TVÄTT 2,6 | E46: 198 | F46: 15681.6 | G46: 1751.6 | H46: =IFERROR(G46/F46,"") -> 0.11169779 | I46: =IFERROR(((E46/$B$112) / AVERAGE('V25'!E46/'V25'!$B$112, 'V26'!E46/'V26'!$B$112, 'V27'!E46/'V27'!$B$112, 'V28'!E46/'V28'!$B$112, 'V29'!E46/'V29'!$B$112, 'V30'!E46/'V30'!$B$112, 'V31'!E46/'V31'!$B$112, 'V32'!E46/'V32'!$B$112, 'V33'!E46/'V33'!$B$112)) * 100,"") -> 101.81818 | J46: =IFERROR(((F46/$B$112) / AVERAGE('V25'!F46/'V25'!$B$112, 'V26'!F46/'V26'!$B$112, 'V27'!F46/'V27'!$B$112, 'V28'!F46/'V28'!$B$112, 'V29'!F46/'V29'!$B$112, 'V30'!F46/'V30'!$B$112, 'V31'!F46/'V31'!$B$112, 'V32'!F46/'V32'!$B$112, 'V33'!F46/'V33'!$B$112)) * 100,"") -> 105.51357 | K46: =IFERROR(((G46/$B$112) / AVERAGE('V25'!G46/'V25'!$B$112, 'V26'!G46/'V26'!$B$112, 'V27'!G46/'V27'!$B$112, 'V28'!G46/'V28'!$B$112, 'V29'!G46/'V29'!$B$112, 'V30'!G46/'V30'!$B$112, 'V31'!G46/'V31'!$B$112, 'V32'!G46/'V32'!$B$112, 'V33'!G46/'V33'!$B$112)) * 100,"") -> 169.49598
C47: g52
C48: g53
C49: g54
C50: total | E50: =SUM(E46:E49) -> 198 | F50: =SUM(F46:F49) -> 15681.6 | G50: =SUM(G46:G49) -> 1751.6 | H50: =IFERROR(G50/F50,"") -> 0.11169779
B51: diff föreg V | E51: =IFERROR((E50-('V33'!E50))/('V33'!E50),"") -> -0.024630542 | F51: =IFERROR((F50-('V33'!F50))/('V33'!F50),"") -> -0.024630542 | G51: =IFERROR((G50-('V33'!G50))/('V33'!G50),"") -> -0.025589675 | H51: =IFERROR(H50-('V33'!H50),"") -> -0.00010994656
B52: index | E52: =E50/$B$112 -> 0.011285266 | F52: =F50/$B$112 -> 0.8937931 | G52: =G50/$B$112 -> 0.099834711
B53: index diff % | E53: =IFERROR((E52-'V33'!E52)/'V33'!E52,"") -> 0.029405315 | F53: =IFERROR((F52-'V33'!F52)/'V33'!F52,"") -> 0.029405315 | G53: =IFERROR((G52-'V33'!G52)/'V33'!G52,"") -> 0.028393046
B54: Prestations Index | E54: =(E52 / AVERAGE('V25'!E52,'V26'!E52,'V27'!E52,'V28'!E52,'V29'!E52,'V30'!E52,'V31'!E52,'V32'!E52,'V33'!E52)) * 100 -> 101.81818 | F54: =(F52 / AVERAGE('V25'!F52,'V26'!F52,'V27'!F52,'V28'!F52,'V29'!F52,'V30'!F52,'V31'!F52,'V32'!F52,'V33'!F52)) * 100 -> 105.51357 | G54: =(G52 / AVERAGE('V25'!G52,'V26'!G52,'V27'!G52,'V28'!G52,'V29'!G52,'V30'!G52,'V31'!G52,'V32'!G52,'V33'!G52)) * 100 -> 169.49598 | H54: =IFERROR((G54*0.6)+(F54*0.4),"") -> 143.90302
A55: 6 | C55: Gavel 6 | D55: Vara | E55: Ant | F55: Förs | G55: BV | H55: B% | I55: idx antal | J55: idx förs | K55: idx BV
B56: KOMBI: 101692806 101692807 | C56: g61 | D56: Comfort 1,56L | E56: 250 | F56: 10190 | G56: 2190 | H56: =IFERROR(G56/F56,"") -> 0.21491658 | I56: =IFERROR(((E56/$B$112) / AVERAGE('V25'!E56/'V25'!$B$112, 'V26'!E56/'V26'!$B$112, 'V27'!E56/'V27'!$B$112, 'V28'!E56/'V28'!$B$112, 'V29'!E56/'V29'!$B$112, 'V30'!E56/'V30'!$B$112, 'V31'!E56/'V31'!$B$112, 'V32'!E56/'V32'!$B$112, 'V33'!E56/'V33'!$B$112)) * 100,"") -> 147.14918 | J56: =IFERROR(((F56/$B$112) / AVERAGE('V25'!F56/'V25'!$B$112, 'V26'!F56/'V26'!$B$112, 'V27'!F56/'V27'!$B$112, 'V28'!F56/'V28'!$B$112, 'V29'!F56/'V29'!$B$112, 'V30'!F56/'V30'!$B$112, 'V31'!F56/'V31'!$B$112, 'V32'!F56/'V32'!$B$112, 'V33'!F56/'V33'!$B$112)) * 100,"") -> 147.15734 | K56: =IFERROR(((G56/$B$112) / AVERAGE('V25'!G56/'V25'!$B$112, 'V26'!G56/'V26'!$B$112, 'V27'!G56/'V27'!$B$112, 'V28'!G56/'V28'!$B$112, 'V29'!G56/'V29'!$B$112, 'V30'!G56/'V30'!$B$112, 'V31'!G56/'V31'!$B$112, 'V32'!G56/'V32'!$B$112, 'V33'!G56/'V33'!$B$112)) * 100,"") -> 148.53239
C57: g62
C58: g63
C59: g64
C60: total | E60: =SUM(E56:E59) -> 250 | F60: =SUM(F56:F59) -> 10190 | G60: =SUM(G56:G59) -> 2190 | H60: =IFERROR(G60/F60,"") -> 0.21491658
B61: diff föreg V | E61: =IFERROR((E60-('V33'!E60))/('V33'!E60),"") -> 0.36612022 | F61: =IFERROR((F60-('V33'!F60))/('V33'!F60),"") -> 0.36612022 | G61: =IFERROR((G60-('V33'!G60))/('V33'!G60),"") -> 0.48466524 | H61: =IFERROR(H60-('V33'!H60),"") -> 0.017160293
B62: index | E62: =E60/$B$112 -> 0.014249074 | F62: =F60/$B$112 -> 0.58079225 | G62: =G60/$B$112 -> 0.12482189
B63: index diff % | E63: =IFERROR((E62-'V33'!E62)/'V33'!E62,"") -> 0.44180382 | F63: =IFERROR((F62-'V33'!F62)/'V33'!F62,"") -> 0.44180382 | G63: =IFERROR((G62-'V33'!G62)/'V33'!G62,"") -> 0.56691629
B64: Prestations Index | E64: =(E62 / AVERAGE('V25'!E62,'V26'!E62,'V27'!E62,'V28'!E62,'V29'!E62,'V30'!E62,'V31'!E62,'V32'!E62,'V33'!E62)) * 100 -> 147.14918 | F64: =(F62 / AVERAGE('V25'!F62,'V26'!F62,'V27'!F62,'V28'!F62,'V29'!F62,'V30'!F62,'V31'!F62,'V32'!F62,'V33'!F62)) * 100 -> 147.15734 | G64: =(G62 / AVERAGE('V25'!G62,'V26'!G62,'V27'!G62,'V28'!G62,'V29'!G62,'V30'!G62,'V31'!G62,'V32'!G62,'V33'!G62)) * 100 -> 148.53239 | H64: =IFERROR((G64*0.6)+(F64*0.4),"") -> 147.98237
A65: 7 | C65: Gavel 7 | D65: Vara | E65: Ant | F65: Förs | G65: BV | H65: B% | I65: idx antal | J65: idx förs | K65: idx BV
B66: KOMBI: 101648242 101648245 | C66: g71 | D66: CIF Cream 750ML | E66: 141 | F66: 2927.16 | G66: 678.21 | H66: =IFERROR(G66/F66,"") -> 0.23169557 | I66: =IFERROR(((E66/$B$112) / AVERAGE('V25'!E66/'V25'!$B$112, 'V26'!E66/'V26'!$B$112, 'V27'!E66/'V27'!$B$112, 'V28'!E66/'V28'!$B$112, 'V29'!E66/'V29'!$B$112, 'V30'!E66/'V30'!$B$112, 'V31'!E66/'V31'!$B$112, 'V32'!E66/'V32'!$B$112, 'V33'!E66/'V33'!$B$112)) * 100,"") -> 121.84735 | J66: =IFERROR(((F66/$B$112) / AVERAGE('V25'!F66/'V25'!$B$112, 'V26'!F66/'V26'!$B$112, 'V27'!F66/'V27'!$B$112, 'V28'!F66/'V28'!$B$112, 'V29'!F66/'V29'!$B$112, 'V30'!F66/'V30'!$B$112, 'V31'!F66/'V31'!$B$112, 'V32'!F66/'V32'!$B$112, 'V33'!F66/'V33'!$B$112)) * 100,"") -> 121.90001 | K66: =IFERROR(((G66/$B$112) / AVERAGE('V25'!G66/'V25'!$B$112, 'V26'!G66/'V26'!$B$112, 'V27'!G66/'V27'!$B$112, 'V28'!G66/'V28'!$B$112, 'V29'!G66/'V29'!$B$112, 'V30'!G66/'V30'!$B$112, 'V31'!G66/'V31'!$B$112, 'V32'!G66/'V32'!$B$112, 'V33'!G66/'V33'!$B$112)) * 100,"") -> 122.07495
C67: g72
C68: g73
C69: g74
C70: total | E70: =SUM(E66:E69) -> 141 | F70: =SUM(F66:F69) -> 2927.16 | G70: =SUM(G66:G69) -> 678.21 | H70: =IFERROR(G70/F70,"") -> 0.23169557
B71: diff föreg V | E71: =IFERROR((E70-('V33'!E70))/('V33'!E70),"") -> -0.047297297 | F71: =IFERROR((F70-('V33'!F70))/('V33'!F70),"") -> -0.047297297 | G71: =IFERROR((G70-('V33'!G70))/('V33'!G70),"") -> -0.047297297 | H71: =IFERROR(H70-('V33'!H70),"") -> 2.7755576e-17
B72: index | E72: =E70/$B$112 -> 0.0080364776 | F72: =F70/$B$112 -> 0.16683728 | G72: =G70/$B$112 -> 0.038655457
B73: index diff % | E73: =IFERROR((E72-'V33'!E72)/'V33'!E72,"") -> 0.0054828125 | F73: =IFERROR((F72-'V33'!F72)/'V33'!F72,"") -> 0.0054828125 | G73: =IFERROR((G72-'V33'!G72)/'V33'!G72,"") -> 0.0054828125
B74: Prestations Index | E74: =(E72 / AVERAGE('V25'!E72,'V26'!E72,'V27'!E72,'V28'!E72,'V29'!E72,'V30'!E72,'V31'!E72,'V32'!E72,'V33'!E72)) * 100 -> 121.84735 | F74: =(F72 / AVERAGE('V25'!F72,'V26'!F72,'V27'!F72,'V28'!F72,'V29'!F72,'V30'!F72,'V31'!F72,'V32'!F72,'V33'!F72)) * 100 -> 121.90001 | G74: =(G72 / AVERAGE('V25'!G72,'V26'!G72,'V27'!G72,'V28'!G72,'V29'!G72,'V30'!G72,'V31'!G72,'V32'!G72,'V33'!G72)) * 100 -> 122.07495 | H74: =IFERROR((G74*0.6)+(F74*0.4),"") -> 122.00498
A75: 8 | C75: Gavel 8 | D75: Vara | E75: Ant | F75: Förs | G75: BV | H75: B% | I75: idx antal | J75: idx förs | K75: idx BV
B76: KOMBI: 101548872 101548873 | C76: g81 | D76: Duck stick 36ML | E76: 181 | F76: 3620 | G76: 832.6 | H76: =IFERROR(G76/F76,"") -> 0.23 | I76: =IFERROR(((E76/$B$112) / AVERAGE('V25'!E76/'V25'!$B$112, 'V26'!E76/'V26'!$B$112, 'V27'!E76/'V27'!$B$112, 'V28'!E76/'V28'!$B$112, 'V29'!E76/'V29'!$B$112, 'V30'!E76/'V30'!$B$112, 'V31'!E76/'V31'!$B$112, 'V32'!E76/'V32'!$B$112, 'V33'!E76/'V33'!$B$112)) * 100,"") -> 320.9426 | J76: =IFERROR(((F76/$B$112) / AVERAGE('V25'!F76/'V25'!$B$112, 'V26'!F76/'V26'!$B$112, 'V27'!F76/'V27'!$B$112, 'V28'!F76/'V28'!$B$112, 'V29'!F76/'V29'!$B$112, 'V30'!F76/'V30'!$B$112, 'V31'!F76/'V31'!$B$112, 'V32'!F76/'V32'!$B$112, 'V33'!F76/'V33'!$B$112)) * 100,"") -> 228.32147 | K76: =IFERROR(((G76/$B$112) / AVERAGE('V25'!G76/'V25'!$B$112, 'V26'!G76/'V26'!$B$112, 'V27'!G76/'V27'!$B$112, 'V28'!G76/'V28'!$B$112, 'V29'!G76/'V29'!$B$112, 'V30'!G76/'V30'!$B$112, 'V31'!G76/'V31'!$B$112, 'V32'!G76/'V32'!$B$112, 'V33'!G76/'V33'!$B$112)) * 100,"") -> 238.97835
C77: g82
C78: g83
C79: g84
C80: total | E80: =SUM(E76:E79) -> 181 | F80: =SUM(F76:F79) -> 3620 | G80: =SUM(G76:G79) -> 832.6 | H80: =IFERROR(G80/F80,"") -> 0.23
B81: diff föreg V | E81: =IFERROR((E80-('V33'!E80))/('V33'!E80),"") -> 0.058479532 | F81: =IFERROR((F80-('V33'!F80))/('V33'!F80),"") -> 0.058479532 | G81: =IFERROR((G80-('V33'!G80))/('V33'!G80),"") -> 0.058479532 | H81: =IFERROR(H80-('V33'!H80),"") -> 0
B82: index | E82: =E80/$B$112 -> 0.010316329 | F82: =F80/$B$112 -> 0.20632659 | G82: =G80/$B$112 -> 0.047455115
B83: index diff % | E83: =IFERROR((E82-'V33'!E82)/'V33'!E82,"") -> 0.11711972 | F83: =IFERROR((F82-'V33'!F82)/'V33'!F82,"") -> 0.11711972 | G83: =IFERROR((G82-'V33'!G82)/'V33'!G82,"") -> 0.11711972
B84: Prestations Index | E84: =(E82 / AVERAGE('V25'!E82,'V26'!E82,'V27'!E82,'V28'!E82,'V29'!E82,'V30'!E82,'V31'!E82,'V32'!E82,'V33'!E82)) * 100 -> 320.9426 | F84: =(F82 / AVERAGE('V25'!F82,'V26'!F82,'V27'!F82,'V28'!F82,'V29'!F82,'V30'!F82,'V31'!F82,'V32'!F82,'V33'!F82)) * 100 -> 228.32147 | G84: =(G82 / AVERAGE('V25'!G82,'V26'!G82,'V27'!G82,'V28'!G82,'V29'!G82,'V30'!G82,'V31'!G82,'V32'!G82,'V33'!G82)) * 100 -> 238.97835 | H84: =IFERROR((G84*0.6)+(F84*0.4),"") -> 234.7156
A85: 9 | C85: Gavel 9 | D85: Vara | E85: Ant | F85: Förs | G85: BV | H85: B% | I85: idx antal | J85: idx förs | K85: idx BV
B86: 101768879 | C86: g91 | D86: HANDDISKMEDEL | E86: 283 | F86: 10186.2 | G86: 1701.86 | H86: =IFERROR(G86/F86,"") -> 0.16707506 | I86: =IFERROR(((E86/$B$112) / AVERAGE('V25'!E86/'V25'!$B$112, 'V26'!E86/'V26'!$B$112, 'V27'!E86/'V27'!$B$112, 'V28'!E86/'V28'!$B$112, 'V29'!E86/'V29'!$B$112, 'V30'!E86/'V30'!$B$112, 'V31'!E86/'V31'!$B$112, 'V32'!E86/'V32'!$B$112, 'V33'!E86/'V33'!$B$112)) * 100,"") -> 145.07797 | J86: =IFERROR(((F86/$B$112) / AVERAGE('V25'!F86/'V25'!$B$112, 'V26'!F86/'V26'!$B$112, 'V27'!F86/'V27'!$B$112, 'V28'!F86/'V28'!$B$112, 'V29'!F86/'V29'!$B$112, 'V30'!F86/'V30'!$B$112, 'V31'!F86/'V31'!$B$112, 'V32'!F86/'V32'!$B$112, 'V33'!F86/'V33'!$B$112)) * 100,"") -> 145.0627 | K86: =IFERROR(((G86/$B$112) / AVERAGE('V25'!G86/'V25'!$B$112, 'V26'!G86/'V26'!$B$112, 'V27'!G86/'V27'!$B$112, 'V28'!G86/'V28'!$B$112, 'V29'!G86/'V29'!$B$112, 'V30'!G86/'V30'!$B$112, 'V31'!G86/'V31'!$B$112, 'V32'!G86/'V32'!$B$112, 'V33'!G86/'V33'!$B$112)) * 100,"") -> 143.64697
C87: g92
C88: g93
C89: g94
C90: total | E90: =SUM(E86:E89) -> 283 | F90: =SUM(F86:F89) -> 10186.2 | G90: =SUM(G86:G89) -> 1701.86 | H90: =IFERROR(G90/F90,"") -> 0.16707506
B91: diff föreg V | E91: =IFERROR((E90-('V33'!E90))/('V33'!E90),"") -> 0.3286385 | F91: =IFERROR((F90-('V33'!F90))/('V33'!F90),"") -> 0.32840376 | G91: =IFERROR((G90-('V33'!G90))/('V33'!G90),"") -> 0.32723473 | H91: =IFERROR(H90-('V33'!H90),"") -> -0.00014715988
B92: index | E92: =E90/$B$112 -> 0.016129952 | F92: =F90/$B$112 -> 0.58057566 | G92: =G90/$B$112 -> 0.096999715
B93: index diff % | E93: =IFERROR((E92-'V33'!E92)/'V33'!E92,"") -> 0.4022456 | F93: =IFERROR((F92-'V33'!F92)/'V33'!F92,"") -> 0.40199785 | G93: =IFERROR((G92-'V33'!G92)/'V33'!G92,"") -> 0.40076406
B94: Prestations Index | E94: =(E92 / AVERAGE('V25'!E92,'V26'!E92,'V27'!E92,'V28'!E92,'V29'!E92,'V30'!E92,'V31'!E92,'V32'!E92,'V33'!E92)) * 100 -> 145.07797 | F94: =(F92 / AVERAGE('V25'!F92,'V26'!F92,'V27'!F92,'V28'!F92,'V29'!F92,'V30'!F92,'V31'!F92,'V32'!F92,'V33'!F92)) * 100 -> 145.0627 | G94: =(G92 / AVERAGE('V25'!G92,'V26'!G92,'V27'!G92,'V28'!G92,'V29'!G92,'V30'!G92,'V31'!G92,'V32'!G92,'V33'!G92)) * 100 -> 143.64697 | H94: =IFERROR((G94*0.6)+(F94*0.4),"") -> 144.21326
A95: 10 | C95: Gavel 10 | D95: Vara | E95: Ant | F95: Förs | G95: BV | H95: B% | I95: idx antal | J95: idx förs | K95: idx BV
B96: KOMBI: 101767745 101887812 101765859 | C96: g101 | D96: Zalo Lav & Cherry | E96: 246 | F96: 8854.2 | G96: 1479.12 | H96: =IFERROR(G96/F96,"") -> 0.16705292 | I96: =IFERROR(((E96/$B$112) / AVERAGE('V25'!E96/'V25'!$B$112, 'V26'!E96/'V26'!$B$112, 'V27'!E96/'V27'!$B$112, 'V28'!E96/'V28'!$B$112, 'V29'!E96/'V29'!$B$112, 'V30'!E96/'V30'!$B$112, 'V31'!E96/'V31'!$B$112, 'V32'!E96/'V32'!$B$112, 'V33'!E96/'V33'!$B$112)) * 100,"") -> 100.53691 | J96: =IFERROR(((F96/$B$112) / AVERAGE('V25'!F96/'V25'!$B$112, 'V26'!F96/'V26'!$B$112, 'V27'!F96/'V27'!$B$112, 'V28'!F96/'V28'!$B$112, 'V29'!F96/'V29'!$B$112, 'V30'!F96/'V30'!$B$112, 'V31'!F96/'V31'!$B$112, 'V32'!F96/'V32'!$B$112, 'V33'!F96/'V33'!$B$112)) * 100,"") -> 100.5266 | K96: =IFERROR(((G96/$B$112) / AVERAGE('V25'!G96/'V25'!$B$112, 'V26'!G96/'V26'!$B$112, 'V27'!G96/'V27'!$B$112, 'V28'!G96/'V28'!$B$112, 'V29'!G96/'V29'!$B$112, 'V30'!G96/'V30'!$B$112, 'V31'!G96/'V31'!$B$112, 'V32'!G96/'V32'!$B$112, 'V33'!G96/'V33'!$B$112)) * 100,"") -> 99.594334
C97: g102
C98: g103
C99: g104
C100: total | E100: =SUM(E96:E99) -> 246 | F100: =SUM(F96:F99) -> 8854.2 | G100: =SUM(G96:G99) -> 1479.12 | H100: =IFERROR(G100/F100,"") -> 0.16705292
B101: diff föreg V | E101: =IFERROR((E100-('V33'!E100))/('V33'!E100),"") -> -0.12765957 | F101: =IFERROR((F100-('V33'!F100))/('V33'!F100),"") -> -0.12783688 | G101: =IFERROR((G100-('V33'!G100))/('V33'!G100),"") -> -0.12871987 | H101: =IFERROR(H100-('V33'!H100),"") -> -0.00016929819
...

Sheet V35
A1: RANKING-APP
C3: vecka 35
C4: Vecka 35 | I4: 35 | J4: mot historik
A5: 1 | C5: Gavel 1 | D5: Vara | E5: Ant | F5: Förs | G5: BV | H5: B% | I5: idx antal | J5: idx förs | K5: idx BV
B6: KOMBI: 101712096 101625435 | C6: g11 | D6: A+ Cherry blossom | E6: 107 | F6: 8474.4 | G6: 1867.95 | H6: =IFERROR(G6/F6,"") -> 0.22042268 | I6: =IFERROR(((E6/$B$112) / AVERAGE('V25'!E6/'V25'!$B$112, 'V26'!E6/'V26'!$B$112, 'V27'!E6/'V27'!$B$112, 'V28'!E6/'V28'!$B$112, 'V29'!E6/'V29'!$B$112, 'V30'!E6/'V30'!$B$112, 'V31'!E6/'V31'!$B$112, 'V32'!E6/'V32'!$B$112, 'V33'!E6/'V33'!$B$112, 'V34'!E6/'V34'!$B$112)) * 100,"") -> 91.156544 | J6: =IFERROR(((F6/$B$112) / AVERAGE('V25'!F6/'V25'!$B$112, 'V26'!F6/'V26'!$B$112, 'V27'!F6/'V27'!$B$112, 'V28'!F6/'V28'!$B$112, 'V29'!F6/'V29'!$B$112, 'V30'!F6/'V30'!$B$112, 'V31'!F6/'V31'!$B$112, 'V32'!F6/'V32'!$B$112, 'V33'!F6/'V33'!$B$112, 'V34'!F6/'V34'!$B$112)) * 100,"") -> 99.718857 | K6: =IFERROR(((G6/$B$112) / AVERAGE('V25'!G6/'V25'!$B$112, 'V26'!G6/'V26'!$B$112, 'V27'!G6/'V27'!$B$112, 'V28'!G6/'V28'!$B$112, 'V29'!G6/'V29'!$B$112, 'V30'!G6/'V30'!$B$112, 'V31'!G6/'V31'!$B$112, 'V32'!G6/'V32'!$B$112, 'V33'!G6/'V33'!$B$112, 'V34'!G6/'V34'!$B$112)) * 100,"") -> 100.328
C7: g12
C8: g13
C9: g14
C10: total | E10: =SUM(E6:E9) -> 107 | F10: =SUM(F6:F9) -> 8474.4 | G10: =SUM(G6:G9) -> 1867.95 | H10: =IFERROR(G10/F10,"") -> 0.22042268
B11: diff föreg V | E11: =IFERROR((E10-('V34'!E10))/('V34'!E10),"") -> -0.053097345 | F11: =IFERROR((F10-('V34'!F10))/('V34'!F10),"") -> -0.044642857 | G11: =IFERROR((G10-('V34'!G10))/('V34'!G10),"") -> 0.015957707 | H11: =IFERROR(H10-('V34'!H10),"") -> 0.013147928
B12: index | E12: =E10/$B$112 -> 0.0066862463 | F12: =F10/$B$112 -> 0.52955071 | G12: =G10/$B$112 -> 0.11672499
B13: index diff % | E13: =IFERROR((E12-'V34'!E12)/'V34'!E12,"") -> 0.038143291 | F13: =IFERROR((F12-'V34'!F12)/'V34'!F12,"") -> 0.047412427 | G13: =IFERROR((G12-'V34'!G12)/'V34'!G12,"") -> 0.11385228
B14: Prestations Index | E14: =(E12 / AVERAGE('V25'!E12,'V26'!E12,'V27'!E12,'V28'!E12,'V29'!E12,'V30'!E12,'V31'!E12,'V32'!E12,'V33'!E12,'V34'!E12)) * 100 -> 91.156544 | F14: =(F12 / AVERAGE('V25'!F12,'V26'!F12,'V27'!F12,'V28'!F12,'V29'!F12,'V30'!F12,'V31'!F12,'V32'!F12,'V33'!F12,'V34'!F12)) * 100 -> 99.718857 | G14: =(G12 / AVERAGE('V25'!G12,'V26'!G12,'V27'!G12,'V28'!G12,'V29'!G12,'V30'!G12,'V31'!G12,'V32'!G12,'V33'!G12,'V34'!G12)) * 100 -> 100.328 | H14: =IFERROR((G14*0.6)+(F14*0.4),"") -> 100.08434
A15: 2 | C15: Gavel 2 | D15: Vara | E15: Ant | F15: Förs | G15: BV | H15: B% | I15: idx antal | J15: idx förs | K15: idx BV
B16: KOMBI: 101595376 101595377 101595375 101547828 | C16: g21 | D16: CIF spray 750ml | E16: 252 | F16: 4020.32 | G16: 504.92 | H16: =IFERROR(G16/F16,"") -> 0.12559199 | I16: =IFERROR(((E16/$B$112) / AVERAGE('V25'!E16/'V25'!$B$112, 'V26'!E16/'V26'!$B$112, 'V27'!E16/'V27'!$B$112, 'V28'!E16/'V28'!$B$112, 'V29'!E16/'V29'!$B$112, 'V30'!E16/'V30'!$B$112, 'V31'!E16/'V31'!$B$112, 'V32'!E16/'V32'!$B$112, 'V33'!E16/'V33'!$B$112, 'V34'!E16/'V34'!$B$112)) * 100,"") -> 161.49711 | J16: =IFERROR(((F16/$B$112) / AVERAGE('V25'!F16/'V25'!$B$112, 'V26'!F16/'V26'!$B$112, 'V27'!F16/'V27'!$B$112, 'V28'!F16/'V28'!$B$112, 'V29'!F16/'V29'!$B$112, 'V30'!F16/'V30'!$B$112, 'V31'!F16/'V31'!$B$112, 'V32'!F16/'V32'!$B$112, 'V33'!F16/'V33'!$B$112, 'V34'!F16/'V34'!$B$112)) * 100,"") -> 135.62145 | K16: =IFERROR(((G16/$B$112) / AVERAGE('V25'!G16/'V25'!$B$112, 'V26'!G16/'V26'!$B$112, 'V27'!G16/'V27'!$B$112, 'V28'!G16/'V28'!$B$112, 'V29'!G16/'V29'!$B$112, 'V30'!G16/'V30'!$B$112, 'V31'!G16/'V31'!$B$112, 'V32'!G16/'V32'!$B$112, 'V33'!G16/'V33'!$B$112, 'V34'!G16/'V34'!$B$112)) * 100,"") -> 91.568453
C17: g22
C18: g23
C19: g24
C20: total | E20: =SUM(E16:E19) -> 252 | F20: =SUM(F16:F19) -> 4020.32 | G20: =SUM(G16:G19) -> 504.92 | H20: =IFERROR(G20/F20,"") -> 0.12559199
B21: diff föreg V | E21: =IFERROR((E20-('V34'!E20))/('V34'!E20),"") -> -0.063197026 | F21: =IFERROR((F20-('V34'!F20))/('V34'!F20),"") -> -0.063569705 | G21: =IFERROR((G20-('V34'!G20))/('V34'!G20),"") -> -0.066156208 | H21: =IFERROR(H20-('V34'!H20),"") -> -0.00034785695
B22: index | E22: =E20/$B$112 -> 0.015747047 | F22: =F20/$B$112 -> 0.2512229 | G22: =G20/$B$112 -> 0.031551584
B23: index diff % | E23: =IFERROR((E22-'V34'!E22)/'V34'!E22,"") -> 0.027070435 | F23: =IFERROR((F22-'V34'!F22)/'V34'!F22,"") -> 0.026661846 | G23: =IFERROR((G22-'V34'!G22)/'V34'!G22,"") -> 0.023826116
B24: Prestations Index | E24: =(E22 / AVERAGE('V25'!E22,'V26'!E22,'V27'!E22,'V28'!E22,'V29'!E22,'V30'!E22,'V31'!E22,'V32'!E22,'V33'!E22,'V34'!E22)) * 100 -> 161.49711 | F24: =(F22 / AVERAGE('V25'!F22,'V26'!F22,'V27'!F22,'V28'!F22,'V29'!F22,'V30'!F22,'V31'!F22,'V32'!F22,'V33'!F22,'V34'!F22)) * 100 -> 135.62145 | G24: =(G22 / AVERAGE('V25'!G22,'V26'!G22,'V27'!G22,'V28'!G22,'V29'!G22,'V30'!G22,'V31'!G22,'V32'!G22,'V33'!G22,'V34'!G22)) * 100 -> 91.568453 | H24: =IFERROR((G24*0.6)+(F24*0.4),"") -> 109.18965
A25: 3 | C25: Gavel 3 | D25: Vara | E25: Ant | F25: Förs | G25: BV | H25: B% | I25: idx antal | J25: idx förs | K25: idx BV
B26: 101648059 | C26: g31 | D26: PK SOF SKÖLJ OUTDFR1300ML | E26: 392 | F26: 9263.68 | G26: 2027.5 | H26: =IFERROR(G26/F26,"") -> 0.2188655 | I26: =IFERROR(((E26/$B$112) / AVERAGE('V25'!E26/'V25'!$B$112, 'V26'!E26/'V26'!$B$112, 'V27'!E26/'V27'!$B$112, 'V28'!E26/'V28'!$B$112, 'V29'!E26/'V29'!$B$112, 'V30'!E26/'V30'!$B$112, 'V31'!E26/'V31'!$B$112, 'V32'!E26/'V32'!$B$112, 'V33'!E26/'V33'!$B$112, 'V34'!E26/'V34'!$B$112)) * 100,"") -> 78.3149 | J26: =IFERROR(((F26/$B$112) / AVERAGE('V25'!F26/'V25'!$B$112, 'V26'!F26/'V26'!$B$112, 'V27'!F26/'V27'!$B$112, 'V28'!F26/'V28'!$B$112, 'V29'!F26/'V29'!$B$112, 'V30'!F26/'V30'!$B$112, 'V31'!F26/'V31'!$B$112, 'V32'!F26/'V32'!$B$112, 'V33'!F26/'V33'!$B$112, 'V34'!F26/'V34'!$B$112)) * 100,"") -> 78.333011 | K26: =IFERROR(((G26/$B$112) / AVERAGE('V25'!G26/'V25'!$B$112, 'V26'!G26/'V26'!$B$112, 'V27'!G26/'V27'!$B$112, 'V28'!G26/'V28'!$B$112, 'V29'!G26/'V29'!$B$112, 'V30'!G26/'V30'!$B$112, 'V31'!G26/'V31'!$B$112, 'V32'!G26/'V32'!$B$112, 'V33'!G26/'V33'!$B$112, 'V34'!G26/'V34'!$B$112)) * 100,"") -> 77.812363
C27: g32
C28: g33
C29: g34
C30: total | E30: =SUM(E26:E29) -> 392 | F30: =SUM(F26:F29) -> 9263.68 | G30: =SUM(G26:G29) -> 2027.5 | H30: =IFERROR(G30/F30,"") -> 0.2188655
B31: diff föreg V | E31: =IFERROR((E30-('V34'!E30))/('V34'!E30),"") -> -0.37974684 | F31: =IFERROR((F30-('V34'!F30))/('V34'!F30),"") -> -0.37955737 | G31: =IFERROR((G30-('V34'!G30))/('V34'!G30),"") -> -0.3848679 | H31: =IFERROR(H30-('V34'!H30),"") -> -0.0018895003
B32: index | E32: =E30/$B$112 -> 0.024495407 | F32: =F30/$B$112 -> 0.57887146 | G32: =G30/$B$112 -> 0.12669499
B33: index diff % | E33: =IFERROR((E32-'V34'!E32)/'V34'!E32,"") -> -0.31998114 | F33: =IFERROR((F32-'V34'!F32)/'V34'!F32,"") -> -0.31977342 | G33: =IFERROR((G32-'V34'!G32)/'V34'!G32,"") -> -0.32559566
B34: Prestations Index | E34: =(E32 / AVERAGE('V25'!E32,'V26'!E32,'V27'!E32,'V28'!E32,'V29'!E32,'V30'!E32,'V31'!E32,'V32'!E32,'V33'!E32,'V34'!E32)) * 100 -> 78.3149 | F34: =(F32 / AVERAGE('V25'!F32,'V26'!F32,'V27'!F32,'V28'!F32,'V29'!F32,'V30'!F32,'V31'!F32,'V32'!F32,'V33'!F32,'V34'!F32)) * 100 -> 78.333011 | G34: =(G32 / AVERAGE('V25'!G32,'V26'!G32,'V27'!G32,'V28'!G32,'V29'!G32,'V30'!G32,'V31'!G32,'V32'!G32,'V33'!G32,'V34'!G32)) * 100 -> 77.812363 | H34: =IFERROR((G34*0.6)+(F34*0.4),"") -> 78.020622
A35: 4 | C35: Gavel 4 | D35: Vara | E35: Ant | F35: Förs | G35: BV | H35: B% | I35: idx antal | J35: idx förs | K35: idx BV
B36: KOMBI: 101648050 101625436 | C36: g41 | D36: Softlan Appear & Van | E36: 506 | F36: 11955.04 | G36: 2607.76 | H36: =IFERROR(G36/F36,"") -> 0.2181306 | I36: =IFERROR(((E36/$B$112) / AVERAGE('V25'!E36/'V25'!$B$112, 'V26'!E36/'V26'!$B$112, 'V27'!E36/'V27'!$B$112, 'V28'!E36/'V28'!$B$112, 'V29'!E36/'V29'!$B$112, 'V30'!E36/'V30'!$B$112, 'V31'!E36/'V31'!$B$112, 'V32'!E36/'V32'!$B$112, 'V33'!E36/'V33'!$B$112, 'V34'!E36/'V34'!$B$112)) * 100,"") -> 115.54396 | J36: =IFERROR(((F36/$B$112) / AVERAGE('V25'!F36/'V25'!$B$112, 'V26'!F36/'V26'!$B$112, 'V27'!F36/'V27'!$B$112, 'V28'!F36/'V28'!$B$112, 'V29'!F36/'V29'!$B$112, 'V30'!F36/'V30'!$B$112, 'V31'!F36/'V31'!$B$112, 'V32'!F36/'V32'!$B$112, 'V33'!F36/'V33'!$B$112, 'V34'!F36/'V34'!$B$112)) * 100,"") -> 115.56729 | K36: =IFERROR(((G36/$B$112) / AVERAGE('V25'!G36/'V25'!$B$112, 'V26'!G36/'V26'!$B$112, 'V27'!G36/'V27'!$B$112, 'V28'!G36/'V28'!$B$112, 'V29'!G36/'V29'!$B$112, 'V30'!G36/'V30'!$B$112, 'V31'!G36/'V31'!$B$112, 'V32'!G36/'V32'!$B$112, 'V33'!G36/'V33'!$B$112, 'V34'!G36/'V34'!$B$112)) * 100,"") -> 112.83928
C37: g42
C38: g43
C39: g44
C40: total | E40: =SUM(E36:E39) -> 506 | F40: =SUM(F36:F39) -> 11955.04 | G40: =SUM(G36:G39) -> 2607.76 | H40: =IFERROR(G40/F40,"") -> 0.2181306
B41: diff föreg V | E41: =IFERROR((E40-('V34'!E40))/('V34'!E40),"") -> -0.10758377 | F41: =IFERROR((F40-('V34'!F40))/('V34'!F40),"") -> -0.10711853 | G41: =IFERROR((G40-('V34'!G40))/('V34'!G40),"") -> -0.13030602 | H41: =IFERROR(H40-('V34'!H40),"") -> -0.0058157253
B42: index | E42: =E40/$B$112 -> 0.031619071 | F42: =F40/$B$112 -> 0.74704993 | G42: =G40/$B$112 -> 0.16295445
B43: index diff % | E43: =IFERROR((E42-'V34'!E42)/'V34'!E42,"") -> -0.021593284 | F43: =IFERROR((F42-'V34'!F42)/'V34'!F42,"") -> -0.021083211 | G43: =IFERROR((G42-'V34'!G42)/'V34'!G42,"") -> -0.046504977
B44: Prestations Index | E44: =(E42 / AVERAGE('V25'!E42,'V26'!E42,'V27'!E42,'V28'!E42,'V29'!E42,'V30'!E42,'V31'!E42,'V32'!E42,'V33'!E42,'V34'!E42)) * 100 -> 115.54396 | F44: =(F42 / AVERAGE('V25'!F42,'V26'!F42,'V27'!F42,'V28'!F42,'V29'!F42,'V30'!F42,'V31'!F42,'V32'!F42,'V33'!F42,'V34'!F42)) * 100 -> 115.56729 | G44: =(G42 / AVERAGE('V25'!G42,'V26'!G42,'V27'!G42,'V28'!G42,'V29'!G42,'V30'!G42,'V31'!G42,'V32'!G42,'V33'!G42,'V34'!G42)) * 100 -> 112.83928 | H44: =IFERROR((G44*0.6)+(F44*0.4),"") -> 113.93048
A45: 5 | C45: Gavel 5 | D45: Vara | E45: Ant | F45: Förs | G45: BV | H45: B% | I45: idx antal | J45: idx förs | K45: idx BV
B46: 101440122 | C46: g51 | D46: OMO OMO 2,6 LITER FLYTANDE TVÄTT 2,6 | E46: 162 | F46: 12830.4 | G46: 1350.4 | H46: =IFERROR(G46/F46,"") -> 0.10525003 | I46: =IFERROR(((E46/$B$112) / AVERAGE('V25'!E46/'V25'!$B$112, 'V26'!E46/'V26'!$B$112, 'V27'!E46/'V27'!$B$112, 'V28'!E46/'V28'!$B$112, 'V29'!E46/'V29'!$B$112, 'V30'!E46/'V30'!$B$112, 'V31'!E46/'V31'!$B$112, 'V32'!E46/'V32'!$B$112, 'V33'!E46/'V33'!$B$112, 'V34'!E46/'V34'!$B$112)) * 100,"") -> 91.167117 | J46: =IFERROR(((F46/$B$112) / AVERAGE('V25'!F46/'V25'!$B$112, 'V26'!F46/'V26'!$B$112, 'V27'!F46/'V27'!$B$112, 'V28'!F46/'V28'!$B$112, 'V29'!F46/'V29'!$B$112, 'V30'!F46/'V30'!$B$112, 'V31'!F46/'V31'!$B$112, 'V32'!F46/'V32'!$B$112, 'V33'!F46/'V33'!$B$112, 'V34'!F46/'V34'!$B$112)) * 100,"") -> 94.12872 | K46: =IFERROR(((G46/$B$112) / AVERAGE('V25'!G46/'V25'!$B$112, 'V26'!G46/'V26'!$B$112, 'V27'!G46/'V27'!$B$112, 'V28'!G46/'V28'!$B$112, 'V29'!G46/'V29'!$B$112, 'V30'!G46/'V30'!$B$112, 'V31'!G46/'V31'!$B$112, 'V32'!G46/'V32'!$B$112, 'V33'!G46/'V33'!$B$112, 'V34'!G46/'V34'!$B$112)) * 100,"") -> 133.95524
C47: g52
C48: g53
C49: g54
C50: total | E50: =SUM(E46:E49) -> 162 | F50: =SUM(F46:F49) -> 12830.4 | G50: =SUM(G46:G49) -> 1350.4 | H50: =IFERROR(G50/F50,"") -> 0.10525003
B51: diff föreg V | E51: =IFERROR((E50-('V34'!E50))/('V34'!E50),"") -> -0.18181818 | F51: =IFERROR((F50-('V34'!F50))/('V34'!F50),"") -> -0.18181818 | G51: =IFERROR((G50-('V34'!G50))/('V34'!G50),"") -> -0.22904773 | H51: =IFERROR(H50-('V34'!H50),"") -> -0.0064477548
B52: index | E52: =E50/$B$112 -> 0.010123102 | F52: =F50/$B$112 -> 0.80174967 | G52: =G50/$B$112 -> 0.084384178
B53: index diff % | E53: =IFERROR((E52-'V34'!E52)/'V34'!E52,"") -> -0.10298069 | F53: =IFERROR((F52-'V34'!F52)/'V34'!F52,"") -> -0.10298069 | G53: =IFERROR((G52-'V34'!G52)/'V34'!G52,"") -> -0.15476113
B54: Prestations Index | E54: =(E52 / AVERAGE('V25'!E52,'V26'!E52,'V27'!E52,'V28'!E52,'V29'!E52,'V30'!E52,'V31'!E52,'V32'!E52,'V33'!E52,'V34'!E52)) * 100 -> 91.167117 | F54: =(F52 / AVERAGE('V25'!F52,'V26'!F52,'V27'!F52,'V28'!F52,'V29'!F52,'V30'!F52,'V31'!F52,'V32'!F52,'V33'!F52,'V34'!F52)) * 100 -> 94.12872 | G54: =(G52 / AVERAGE('V25'!G52,'V26'!G52,'V27'!G52,'V28'!G52,'V29'!G52,'V30'!G52,'V31'!G52,'V32'!G52,'V33'!G52,'V34'!G52)) * 100 -> 133.95524 | H54: =IFERROR((G54*0.6)+(F54*0.4),"") -> 118.02463
A55: 6 | C55: Gavel 6 | D55: Vara | E55: Ant | F55: Förs | G55: BV | H55: B% | I55: idx antal | J55: idx förs | K55: idx BV
B56: KOMBI: 101692806 101692807 | C56: g61 | D56: Comfort 1,56L | E56: 172 | F56: 7010.72 | G56: 1506.72 | H56: =IFERROR(G56/F56,"") -> 0.21491658 | I56: =IFERROR(((E56/$B$112) / AVERAGE('V25'!E56/'V25'!$B$112, 'V26'!E56/'V26'!$B$112, 'V27'!E56/'V27'!$B$112, 'V28'!E56/'V28'!$B$112, 'V29'!E56/'V29'!$B$112, 'V30'!E56/'V30'!$B$112, 'V31'!E56/'V31'!$B$112, 'V32'!E56/'V32'!$B$112, 'V33'!E56/'V33'!$B$112, 'V34'!E56/'V34'!$B$112)) * 100,"") -> 105.99606 | J56: =IFERROR(((F56/$B$112) / AVERAGE('V25'!F56/'V25'!$B$112, 'V26'!F56/'V26'!$B$112, 'V27'!F56/'V27'!$B$112, 'V28'!F56/'V28'!$B$112, 'V29'!F56/'V29'!$B$112, 'V30'!F56/'V30'!$B$112, 'V31'!F56/'V31'!$B$112, 'V32'!F56/'V32'!$B$112, 'V33'!F56/'V33'!$B$112, 'V34'!F56/'V34'!$B$112)) * 100,"") -> 106.00111 | K56: =IFERROR(((G56/$B$112) / AVERAGE('V25'!G56/'V25'!$B$112, 'V26'!G56/'V26'!$B$112, 'V27'!G56/'V27'!$B$112, 'V28'!G56/'V28'!$B$112, 'V29'!G56/'V29'!$B$112, 'V30'!G56/'V30'!$B$112, 'V31'!G56/'V31'!$B$112, 'V32'!G56/'V32'!$B$112, 'V33'!G56/'V33'!$B$112, 'V34'!G56/'V34'!$B$112)) * 100,"") -> 106.85128
C57: g62
C58: g63
C59: g64
C60: total | E60: =SUM(E56:E59) -> 172 | F60: =SUM(F56:F59) -> 7010.72 | G60: =SUM(G56:G59) -> 1506.72 | H60: =IFERROR(G60/F60,"") -> 0.21491658
B61: diff föreg V | E61: =IFERROR((E60-('V34'!E60))/('V34'!E60),"") -> -0.312 | F61: =IFERROR((F60-('V34'!F60))/('V34'!F60),"") -> -0.312 | G61: =IFERROR((G60-('V34'!G60))/('V34'!G60),"") -> -0.312 | H61: =IFERROR(H60-('V34'!H60),"") -> 0
B62: index | E62: =E60/$B$112 -> 0.010747985 | F62: =F60/$B$112 -> 0.43808786 | G62: =G60/$B$112 -> 0.094152346
B63: index diff % | E63: =IFERROR((E62-'V34'!E62)/'V34'!E62,"") -> -0.24570643 | F63: =IFERROR((F62-'V34'!F62)/'V34'!F62,"") -> -0.24570643 | G63: =IFERROR((G62-'V34'!G62)/'V34'!G62,"") -> -0.24570643
B64: Prestations Index | E64: =(E62 / AVERAGE('V25'!E62,'V26'!E62,'V27'!E62,'V28'!E62,'V29'!E62,'V30'!E62,'V31'!E62,'V32'!E62,'V33'!E62,'V34'!E62)) * 100 -> 105.99606 | F64: =(F62 / AVERAGE('V25'!F62,'V26'!F62,'V27'!F62,'V28'!F62,'V29'!F62,'V30'!F62,'V31'!F62,'V32'!F62,'V33'!F62,'V34'!F62)) * 100 -> 106.00111 | G64: =(G62 / AVERAGE('V25'!G62,'V26'!G62,'V27'!G62,'V28'!G62,'V29'!G62,'V30'!G62,'V31'!G62,'V32'!G62,'V33'!G62,'V34'!G62)) * 100 -> 106.85128 | H64: =IFERROR((G64*0.6)+(F64*0.4),"") -> 106.51121
A65: 7 | C65: Gavel 7 | D65: Vara | E65: Ant | F65: Förs | G65: BV | H65: B% | I65: idx antal | J65: idx förs | K65: idx BV
B66: KOMBI: 101648242 101648245 | C66: g71 | D66: CIF Cream 750ML | E66: 128 | F66: 2653.12 | G66: 611.52 | H66: =IFERROR(G66/F66,"") -> 0.23049089 | I66: =IFERROR(((E66/$B$112) / AVERAGE('V25'!E66/'V25'!$B$112, 'V26'!E66/'V26'!$B$112, 'V27'!E66/'V27'!$B$112, 'V28'!E66/'V28'!$B$112, 'V29'!E66/'V29'!$B$112, 'V30'!E66/'V30'!$B$112, 'V31'!E66/'V31'!$B$112, 'V32'!E66/'V32'!$B$112, 'V33'!E66/'V33'!$B$112, 'V34'!E66/'V34'!$B$112)) * 100,"") -> 118.67873 | J66: =IFERROR(((F66/$B$112) / AVERAGE('V25'!F66/'V25'!$B$112, 'V26'!F66/'V26'!$B$112, 'V27'!F66/'V27'!$B$112, 'V28'!F66/'V28'!$B$112, 'V29'!F66/'V29'!$B$112, 'V30'!F66/'V30'!$B$112, 'V31'!F66/'V31'!$B$112, 'V32'!F66/'V32'!$B$112, 'V33'!F66/'V33'!$B$112, 'V34'!F66/'V34'!$B$112)) * 100,"") -> 118.53804 | K66: =IFERROR(((G66/$B$112) / AVERAGE('V25'!G66/'V25'!$B$112, 'V26'!G66/'V26'!$B$112, 'V27'!G66/'V27'!$B$112, 'V28'!G66/'V28'!$B$112, 'V29'!G66/'V29'!$B$112, 'V30'!G66/'V30'!$B$112, 'V31'!G66/'V31'!$B$112, 'V32'!G66/'V32'!$B$112, 'V33'!G66/'V33'!$B$112, 'V34'!G66/'V34'!$B$112)) * 100,"") -> 118.07073
C67: g72
C68: g73
C69: g74
C70: total | E70: =SUM(E66:E69) -> 128 | F70: =SUM(F66:F69) -> 2653.12 | G70: =SUM(G66:G69) -> 611.52 | H70: =IFERROR(G70/F70,"") -> 0.23049089
B71: diff föreg V | E71: =IFERROR((E70-('V34'!E70))/('V34'!E70),"") -> -0.092198582 | F71: =IFERROR((F70-('V34'!F70))/('V34'!F70),"") -> -0.093619754 | G71: =IFERROR((G70-('V34'!G70))/('V34'!G70),"") -> -0.098332375 | H71: =IFERROR(H70-('V34'!H70),"") -> -0.0012046747
B72: index | E72: =E70/$B$112 -> 0.0079985003 | F72: =F70/$B$112 -> 0.16578891 | G72: =G70/$B$112 -> 0.038212835
B73: index diff % | E73: =IFERROR((E72-'V34'!E72)/'V34'!E72,"") -> -0.004725621 | F73: =IFERROR((F72-'V34'!F72)/'V34'!F72,"") -> -0.0062837336 | G73: =IFERROR((G72-'V34'!G72)/'V34'!G72,"") -> -0.011450448
B74: Prestations Index | E74: =(E72 / AVERAGE('V25'!E72,'V26'!E72,'V27'!E72,'V28'!E72,'V29'!E72,'V30'!E72,'V31'!E72,'V32'!E72,'V33'!E72,'V34'!E72)) * 100 -> 118.67873 | F74: =(F72 / AVERAGE('V25'!F72,'V26'!F72,'V27'!F72,'V28'!F72,'V29'!F72,'V30'!F72,'V31'!F72,'V32'!F72,'V33'!F72,'V34'!F72)) * 100 -> 118.53804 | G74: =(G72 / AVERAGE('V25'!G72,'V26'!G72,'V27'!G72,'V28'!G72,'V29'!G72,'V30'!G72,'V31'!G72,'V32'!G72,'V33'!G72,'V34'!G72)) * 100 -> 118.07073 | H74: =IFERROR((G74*0.6)+(F74*0.4),"") -> 118.25766
A75: 8 | C75: Gavel 8 | D75: Vara | E75: Ant | F75: Förs | G75: BV | H75: B% | I75: idx antal | J75: idx förs | K75: idx BV
B76: KOMBI: 101548872 101548873 | C76: g81 | D76: Duck stick 36ML | E76: 166 | F76: 3320 | G76: 763.6 | H76: =IFERROR(G76/F76,"") -> 0.23 | I76: =IFERROR(((E76/$B$112) / AVERAGE('V25'!E76/'V25'!$B$112, 'V26'!E76/'V26'!$B$112, 'V27'!E76/'V27'!$B$112, 'V28'!E76/'V28'!$B$112, 'V29'!E76/'V29'!$B$112, 'V30'!E76/'V30'!$B$112, 'V31'!E76/'V31'!$B$112, 'V32'!E76/'V32'!$B$112, 'V33'!E76/'V33'!$B$112, 'V34'!E76/'V34'!$B$112)) * 100,"") -> 264.31 | J76: =IFERROR(((F76/$B$112) / AVERAGE('V25'!F76/'V25'!$B$112, 'V26'!F76/'V26'!$B$112, 'V27'!F76/'V27'!$B$112, 'V28'!F76/'V28'!$B$112, 'V29'!F76/'V29'!$B$112, 'V30'!F76/'V30'!$B$112, 'V31'!F76/'V31'!$B$112, 'V32'!F76/'V32'!$B$112, 'V33'!F76/'V33'!$B$112, 'V34'!F76/'V34'!$B$112)) * 100,"") -> 203.46766 | K76: =IFERROR(((G76/$B$112) / AVERAGE('V25'!G76/'V25'!$B$112, 'V26'!G76/'V26'!$B$112, 'V27'!G76/'V27'!$B$112, 'V28'!G76/'V28'!$B$112, 'V29'!G76/'V29'!$B$112, 'V30'!G76/'V30'!$B$112, 'V31'!G76/'V31'!$B$112, 'V32'!G76/'V32'!$B$112, 'V33'!G76/'V33'!$B$112, 'V34'!G76/'V34'!$B$112)) * 100,"") -> 210.97188
C77: g82
C78: g83
C79: g84
C80: total | E80: =SUM(E76:E79) -> 166 | F80: =SUM(F76:F79) -> 3320 | G80: =SUM(G76:G79) -> 763.6 | H80: =IFERROR(G80/F80,"") -> 0.23
B81: diff föreg V | E81: =IFERROR((E80-('V34'!E80))/('V34'!E80),"") -> -0.082872928 | F81: =IFERROR((F80-('V34'!F80))/('V34'!F80),"") -> -0.082872928 | G81: =IFERROR((G80-('V34'!G80))/('V34'!G80),"") -> -0.082872928 | H81: =IFERROR(H80-('V34'!H80),"") -> 0
B82: index | E82: =E80/$B$112 -> 0.010373055 | F82: =F80/$B$112 -> 0.2074611 | G82: =G80/$B$112 -> 0.047716053
B83: index diff % | E83: =IFERROR((E82-'V34'!E82)/'V34'!E82,"") -> 0.0054986237 | F83: =IFERROR((F82-'V34'!F82)/'V34'!F82,"") -> 0.0054986237 | G83: =IFERROR((G82-'V34'!G82)/'V34'!G82,"") -> 0.0054986237
B84: Prestations Index | E84: =(E82 / AVERAGE('V25'!E82,'V26'!E82,'V27'!E82,'V28'!E82,'V29'!E82,'V30'!E82,'V31'!E82,'V32'!E82,'V33'!E82,'V34'!E82)) * 100 -> 264.31 | F84: =(F82 / AVERAGE('V25'!F82,'V26'!F82,'V27'!F82,'V28'!F82,'V29'!F82,'V30'!F82,'V31'!F82,'V32'!F82,'V33'!F82,'V34'!F82)) * 100 -> 203.46766 | G84: =(G82 / AVERAGE('V25'!G82,'V26'!G82,'V27'!G82,'V28'!G82,'V29'!G82,'V30'!G82,'V31'!G82,'V32'!G82,'V33'!G82,'V34'!G82)) * 100 -> 210.97188 | H84: =IFERROR((G84*0.6)+(F84*0.4),"") -> 207.97019
A85: 9 | C85: Gavel 9 | D85: Vara | E85: Ant | F85: Förs | G85: BV | H85: B% | I85: idx antal | J85: idx förs | K85: idx BV
B86: 101768879 | C86: g91 | D86: HANDDISKMEDEL | E86: 239 | F86: 8602.2 | G86: 1436.98 | H86: =IFERROR(G86/F86,"") -> 0.16704796 | I86: =IFERROR(((E86/$B$112) / AVERAGE('V25'!E86/'V25'!$B$112, 'V26'!E86/'V26'!$B$112, 'V27'!E86/'V27'!$B$112, 'V28'!E86/'V28'!$B$112, 'V29'!E86/'V29'!$B$112, 'V30'!E86/'V30'!$B$112, 'V31'!E86/'V31'!$B$112, 'V32'!E86/'V32'!$B$112, 'V33'!E86/'V33'!$B$112, 'V34'!E86/'V34'!$B$112)) * 100,"") -> 128.53346 | J86: =IFERROR(((F86/$B$112) / AVERAGE('V25'!F86/'V25'!$B$112, 'V26'!F86/'V26'!$B$112, 'V27'!F86/'V27'!$B$112, 'V28'!F86/'V28'!$B$112, 'V29'!F86/'V29'!$B$112, 'V30'!F86/'V30'!$B$112, 'V31'!F86/'V31'!$B$112, 'V32'!F86/'V32'!$B$112, 'V33'!F86/'V33'!$B$112, 'V34'!F86/'V34'!$B$112)) * 100,"") -> 128.51763 | K86: =IFERROR(((G86/$B$112) / AVERAGE('V25'!G86/'V25'!$B$112, 'V26'!G86/'V26'!$B$112, 'V27'!G86/'V27'!$B$112, 'V28'!G86/'V28'!$B$112, 'V29'!G86/'V29'!$B$112, 'V30'!G86/'V30'!$B$112, 'V31'!G86/'V31'!$B$112, 'V32'!G86/'V32'!$B$112, 'V33'!G86/'V33'!$B$112, 'V34'!G86/'V34'!$B$112)) * 100,"") -> 127.41534
C87: g92
C88: g93
C89: g94
C90: total | E90: =SUM(E86:E89) -> 239 | F90: =SUM(F86:F89) -> 8602.2 | G90: =SUM(G86:G89) -> 1436.98 | H90: =IFERROR(G90/F90,"") -> 0.16704796
B91: diff föreg V | E91: =IFERROR((E90-('V34'!E90))/('V34'!E90),"") -> -0.15547703 | F91: =IFERROR((F90-('V34'!F90))/('V34'!F90),"") -> -0.15550451 | G91: =IFERROR((G90-('V34'!G90))/('V34'!G90),"") -> -0.15564147 | H91: =IFERROR(H90-('V34'!H90),"") -> -2.7097865e-05
B92: index | E92: =E90/$B$112 -> 0.0149347 | F92: =F90/$B$112 -> 0.53753671 | G92: =G90/$B$112 -> 0.089794414
B93: index diff % | E93: =IFERROR((E92-'V34'!E92)/'V34'!E92,"") -> -0.074101389 | F93: =IFERROR((F92-'V34'!F92)/'V34'!F92,"") -> -0.07413151 | G93: =IFERROR((G92-'V34'!G92)/'V34'!G92,"") -> -0.074281677
B94: Prestations Index | E94: =(E92 / AVERAGE('V25'!E92,'V26'!E92,'V27'!E92,'V28'!E92,'V29'!E92,'V30'!E92,'V31'!E92,'V32'!E92,'V33'!E92,'V34'!E92)) * 100 -> 128.53346 | F94: =(F92 / AVERAGE('V25'!F92,'V26'!F92,'V27'!F92,'V28'!F92,'V29'!F92,'V30'!F92,'V31'!F92,'V32'!F92,'V33'!F92,'V34'!F92)) * 100 -> 128.51763 | G94: =(G92 / AVERAGE('V25'!G92,'V26'!G92,'V27'!G92,'V28'!G92,'V29'!G92,'V30'!G92,'V31'!G92,'V32'!G92,'V33'!G92,'V34'!G92)) * 100 -> 127.41534 | H94: =IFERROR((G94*0.6)+(F94*0.4),"") -> 127.85626
A95: 10 | C95: Gavel 10 | D95: Vara | E95: Ant | F95: Förs | G95: BV | H95: B% | I95: idx antal | J95: idx förs | K95: idx BV
B96: KOMBI: 101767745 101887812 101765859 | C96: g101 | D96: Zalo Lav & Cherry | E96: 253 | F96: 9100.8 | G96: 1485.88 | H96: =IFERROR(G96/F96,"") -> 0.16326916 | I96: =IFERROR(((E96/$B$112) / AVERAGE('V25'!E96/'V25'!$B$112, 'V26'!E96/'V26'!$B$112, 'V27'!E96/'V27'!$B$112, 'V28'!E96/'V28'!$B$112, 'V29'!E96/'V29'!$B$112, 'V30'!E96/'V30'!$B$112, 'V31'!E96/'V31'!$B$112, 'V32'!E96/'V32'!$B$112, 'V33'!E96/'V33'!$B$112, 'V34'!E96/'V34'!$B$112)) * 100,"") -> 113.29997 | J96: =IFERROR(((F96/$B$112) / AVERAGE('V25'!F96/'V25'!$B$112, 'V26'!F96/'V26'!$B$112, 'V27'!F96/'V27'!$B$112, 'V28'!F96/'V28'!$B$112, 'V29'!F96/'V29'!$B$112, 'V30'!F96/'V30'!$B$112, 'V31'!F96/'V31'!$B$112, 'V32'!F96/'V32'!$B$112, 'V33'!F96/'V33'!$B$112, 'V34'!F96/'V34'!$B$112)) * 100,"") -> 113.22298 | K96: =IFERROR(((G96/$B$112) / AVERAGE('V25'!G96/'V25'!$B$112, 'V26'!G96/'V26'!$B$112, 'V27'!G96/'V27'!$B$112, 'V28'!G96/'V28'!$B$112, 'V29'!G96/'V29'!$B$112, 'V30'!G96/'V30'!$B$112, 'V31'!G96/'V31'!$B$112, 'V32'!G96/'V32'!$B$112, 'V33'!G96/'V33'!$B$112, 'V34'!G96/'V34'!$B$112)) * 100,"") -> 109.73449
C97: g102
C98: g103
C99: g104
C100: total | E100: =SUM(E96:E99) -> 253 | F100: =SUM(F96:F99) -> 9100.8 | G100: =SUM(G96:G99) -> 1485.88 | H100: =IFERROR(G100/F100,"") -> 0.16326916
B101: diff föreg V | E101: =IFERROR((E100-('V34'!E100))/('V34'!E100),"") -> 0.028455285 | F101: =IFERROR((F100-('V34'!F100))/('V34'!F100),"") -> 0.027851189 | G101: =IFERROR((G100-('V34'!G100))/('V34'!G100),"") -> 0.004570285 | H101: =IFERROR(H100-('V34'!H100),"") -> -0.0037837609
...

Sheet V36
A1: RANKING-APP
C3: vecka 36
C4: Vecka 36 | I4: 36 | J4: mot historik
A5: 1 | C5: Gavel 1 | D5: Vara | E5: Ant | F5: Förs | G5: BV | H5: B% | I5: idx antal | J5: idx förs | K5: idx BV
B6: KOMBI: 101712096 101625435 | C6: g11 | D6: A+ Cherry blossom | E6: 155 | F6: 12272.04 | G6: 2679.09 | H6: =IFERROR(G6/F6,"") -> 0.21830845 | I6: =IFERROR(((E6/$B$112) / AVERAGE('V25'!E6/'V25'!$B$112, 'V26'!E6/'V26'!$B$112, 'V27'!E6/'V27'!$B$112, 'V28'!E6/'V28'!$B$112, 'V29'!E6/'V29'!$B$112, 'V30'!E6/'V30'!$B$112, 'V31'!E6/'V31'!$B$112, 'V32'!E6/'V32'!$B$112, 'V33'!E6/'V33'!$B$112, 'V34'!E6/'V34'!$B$112, 'V35'!E6/'V35'!$B$112)) * 100,"") -> 139.73827 | J6: =IFERROR(((F6/$B$112) / AVERAGE('V25'!F6/'V25'!$B$112, 'V26'!F6/'V26'!$B$112, 'V27'!F6/'V27'!$B$112, 'V28'!F6/'V28'!$B$112, 'V29'!F6/'V29'!$B$112, 'V30'!F6/'V30'!$B$112, 'V31'!F6/'V31'!$B$112, 'V32'!F6/'V32'!$B$112, 'V33'!F6/'V33'!$B$112, 'V34'!F6/'V34'!$B$112, 'V35'!F6/'V35'!$B$112)) * 100,"") -> 151.62475 | K6: =IFERROR(((G6/$B$112) / AVERAGE('V25'!G6/'V25'!$B$112, 'V26'!G6/'V26'!$B$112, 'V27'!G6/'V27'!$B$112, 'V28'!G6/'V28'!$B$112, 'V29'!G6/'V29'!$B$112, 'V30'!G6/'V30'!$B$112, 'V31'!G6/'V31'!$B$112, 'V32'!G6/'V32'!$B$112, 'V33'!G6/'V33'!$B$112, 'V34'!G6/'V34'!$B$112, 'V35'!G6/'V35'!$B$112)) * 100,"") -> 151.00408
C7: g12
C8: g13
C9: g14
C10: total | E10: =SUM(E6:E9) -> 155 | F10: =SUM(F6:F9) -> 12272.04 | G10: =SUM(G6:G9) -> 2679.09 | H10: =IFERROR(G10/F10,"") -> 0.21830845
B11: diff föreg V | E11: =IFERROR((E10-('V35'!E10))/('V35'!E10),"") -> 0.44859813 | F11: =IFERROR((F10-('V35'!F10))/('V35'!F10),"") -> 0.44813084 | G11: =IFERROR((G10-('V35'!G10))/('V35'!G10),"") -> 0.43424075 | H11: =IFERROR(H10-('V35'!H10),"") -> -0.0021142373
B12: index | E12: =E10/$B$112 -> 0.010167268 | F12: =F10/$B$112 -> 0.80498786 | G12: =G10/$B$112 -> 0.17573565
